Date,Warehouse,Product line,Quantity,Unit price,Total,Quantity binned,Binned price,Cash,Credit card,Transfer,Retail,Wholesale,Total ranged
2021-06-01,Central,Miscellaneous,8,16.85,134.83,[0-10],Cheap,0,1,0,1,0,(99-499]
2021-06-01,North,Breaking system,9,19.29,173.61,[0-10],Cheap,1,0,0,1,0,(99-499]
2021-06-01,North,Suspension & traction,8,32.93,263.45,[0-10],Medium cost,0,1,0,1,0,(99-499]
2021-06-01,North,Frame & body,16,37.84,605.44,[11-20],Medium cost,0,0,1,0,1,(499-999]
2021-06-01,Central,Engine,2,60.48,120.96,[0-10],Expensive,0,1,0,1,0,(99-499]
2021-06-01,North,Suspension & traction,40,37.37,1494.8,[31-inf],Medium cost,0,0,1,0,1,(999-1499]
2021-06-01,West,Electrical system,2,27.2,54.41,[0-10],Cheap,0,1,0,1,0,(0-99]
2021-06-01,Central,Breaking system,10,22.44,224.38,[0-10],Cheap,0,1,0,1,0,(99-499]
2021-06-01,West,Frame & body,40,39.5,1579.87,[31-inf],Medium cost,0,0,1,0,1,(1499-inf]
2021-06-01,North,Frame & body,6,45.44,272.61,[0-10],Medium cost,0,1,0,1,0,(99-499]
2021-06-01,Central,Frame & body,6,38.2,229.22,[0-10],Medium cost,0,1,0,1,0,(99-499]
2021-06-01,Central,Suspension & traction,6,37.45,224.71,[0-10],Medium cost,0,1,0,1,0,(99-499]
2021-06-02,Central,Suspension & traction,6,28.67,172.01,[0-10],Cheap,0,1,0,1,0,(99-499]
2021-06-02,Central,Breaking system,9,15.1,135.92,[0-10],Cheap,0,1,0,1,0,(99-499]
2021-06-02,Central,Electrical system,10,22.37,223.68,[0-10],Cheap,0,1,0,1,0,(99-499]
2021-06-02,West,Breaking system,2,24.97,49.94,[0-10],Cheap,0,1,0,1,0,(0-99]
2021-06-02,North,Frame & body,1,40.41,40.41,[0-10],Medium cost,0,1,0,1,0,(0-99]
2021-06-02,North,Miscellaneous,6,20.28,121.66,[0-10],Cheap,0,1,0,1,0,(99-499]
2021-06-02,Central,Frame & body,6,40.77,244.63,[0-10],Medium cost,0,1,0,1,0,(99-499]
2021-06-02,West,Frame & body,8,38.61,308.89,[0-10],Medium cost,0,1,0,1,0,(99-499]
2021-06-03,North,Electrical system,9,20.5,184.54,[0-10],Cheap,0,1,0,1,0,(99-499]
2021-06-03,North,Suspension & traction,5,36.18,180.91,[0-10],Medium cost,0,1,0,1,0,(99-499]
2021-06-03,North,Electrical system,5,28.33,141.67,[0-10],Cheap,0,1,0,1,0,(99-499]
2021-06-03,Central,Suspension & traction,6,35.52,213.15,[0-10],Medium cost,0,1,0,1,0,(99-499]
2021-06-03,Central,Electrical system,1,29.31,29.31,[0-10],Medium cost,1,0,0,1,0,(0-99]
2021-06-03,Central,Frame & body,1,48.9,48.9,[0-10],Expensive,0,1,0,1,0,(0-99]
2021-06-03,West,Electrical system,2,20.19,40.37,[0-10],Cheap,0,1,0,1,0,(0-99]
2021-06-03,Central,Electrical system,8,27.0,216.0,[0-10],Cheap,0,1,0,1,0,(99-499]
2021-06-04,North,Suspension & traction,10,30.92,309.23,[0-10],Medium cost,0,1,0,1,0,(99-499]
2021-06-04,Central,Breaking system,4,19.78,79.14,[0-10],Cheap,0,1,0,1,0,(0-99]
2021-06-04,Central,Frame & body,3,41.07,123.21,[0-10],Medium cost,0,1,0,1,0,(99-499]
2021-06-04,North,Electrical system,5,20.16,100.81,[0-10],Cheap,0,1,0,1,0,(99-499]
2021-06-04,Central,Suspension & traction,1,37.03,37.03,[0-10],Medium cost,0,1,0,1,0,(0-99]
2021-06-04,West,Electrical system,9,27.78,249.98,[0-10],Cheap,0,1,0,1,0,(99-499]
2021-06-05,Central,Breaking system,3,21.01,63.03,[0-10],Cheap,0,1,0,1,0,(0-99]
2021-06-05,West,Breaking system,6,12.9,77.38,[0-10],Cheap,1,0,0,1,0,(0-99]
2021-06-05,North,Electrical system,28,29.12,815.22,[21-30],Medium cost,0,0,1,0,1,(499-999]
2021-06-05,Central,Miscellaneous,1,25.2,25.2,[0-10],Cheap,0,1,0,1,0,(0-99]
2021-06-05,Central,Breaking system,1,20.66,20.66,[0-10],Cheap,0,1,0,1,0,(0-99]
2021-06-05,North,Electrical system,7,32.31,226.19,[0-10],Medium cost,0,1,0,1,0,(99-499]
2021-06-05,North,Suspension & traction,16,36.79,588.64,[11-20],Medium cost,0,0,1,0,1,(499-999]
2021-06-05,North,Suspension & traction,5,32.15,160.76,[0-10],Medium cost,0,1,0,1,0,(99-499]
2021-06-05,Central,Breaking system,4,13.65,54.6,[0-10],Cheap,0,0,1,0,1,(0-99]
2021-06-05,Central,Suspension & traction,9,30.9,278.07,[0-10],Medium cost,0,1,0,1,0,(99-499]
2021-06-05,North,Suspension & traction,4,35.44,141.77,[0-10],Medium cost,0,1,0,1,0,(99-499]
2021-06-05,West,Engine,7,63.15,442.04,[0-10],Expensive,0,1,0,1,0,(99-499]
2021-06-06,North,Suspension & traction,32,34.82,1114.13,[31-inf],Medium cost,0,0,1,0,1,(999-1499]
2021-06-06,Central,Suspension & traction,4,35.36,141.46,[0-10],Medium cost,0,1,0,1,0,(99-499]
2021-06-06,Central,Engine,36,63.41,2282.82,[31-inf],Expensive,0,0,1,0,1,(1499-inf]
2021-06-06,West,Miscellaneous,10,28.25,282.47,[0-10],Cheap,0,1,0,1,0,(99-499]
2021-06-06,North,Frame & body,1,35.89,35.89,[0-10],Medium cost,0,1,0,1,0,(0-99]
2021-06-06,North,Breaking system,5,15.16,75.78,[0-10],Cheap,0,1,0,1,0,(0-99]
2021-06-06,Central,Breaking system,4,21.95,87.79,[0-10],Cheap,0,1,0,1,0,(0-99]
2021-06-06,North,Breaking system,7,15.43,108.0,[0-10],Cheap,0,1,0,1,0,(99-499]
2021-06-06,North,Frame & body,4,44.1,176.39,[0-10],Medium cost,0,1,0,1,0,(99-499]
2021-06-07,Central,Frame & body,4,44.69,178.75,[0-10],Medium cost,0,0,1,0,1,(99-499]
2021-06-07,West,Miscellaneous,3,17.87,53.61,[0-10],Cheap,1,0,0,1,0,(0-99]
2021-06-07,North,Frame & body,9,43.49,391.42,[0-10],Medium cost,0,1,0,1,0,(99-499]
2021-06-07,Central,Miscellaneous,4,28.19,112.76,[0-10],Cheap,0,1,0,1,0,(99-499]
2021-06-07,Central,Breaking system,7,16.33,114.3,[0-10],Cheap,0,1,0,1,0,(99-499]
2021-06-07,Central,Suspension & traction,40,28.64,1145.47,[31-inf],Cheap,0,0,1,0,1,(999-1499]
2021-06-07,Central,Breaking system,6,24.6,147.61,[0-10],Cheap,0,1,0,1,0,(99-499]
2021-06-07,North,Suspension & traction,9,28.59,257.31,[0-10],Cheap,0,1,0,1,0,(99-499]
2021-06-07,North,Electrical system,4,29.62,118.48,[0-10],Medium cost,0,1,0,1,0,(99-499]
2021-06-08,North,Frame & body,5,39.52,197.62,[0-10],Medium cost,1,0,0,1,0,(99-499]
2021-06-08,West,Breaking system,1,10.46,10.46,[0-10],Cheap,0,1,0,1,0,(0-99]
2021-06-08,Central,Breaking system,10,19.21,192.05,[0-10],Cheap,1,0,0,1,0,(99-499]
2021-06-08,Central,Frame & body,8,44.14,353.11,[0-10],Medium cost,0,0,1,0,1,(99-499]
2021-06-08,Central,Miscellaneous,8,24.76,198.05,[0-10],Cheap,0,1,0,1,0,(99-499]
2021-06-08,Central,Breaking system,40,20.77,830.67,[31-inf],Cheap,0,0,1,0,1,(499-999]
2021-06-08,West,Breaking system,9,13.62,122.6,[0-10],Cheap,0,1,0,1,0,(99-499]
2021-06-08,West,Suspension & traction,4,32.56,130.25,[0-10],Medium cost,0,1,0,1,0,(99-499]
2021-06-08,North,Electrical system,4,25.04,100.15,[0-10],Cheap,0,1,0,1,0,(99-499]
2021-06-08,Central,Miscellaneous,40,18.87,754.73,[31-inf],Cheap,0,0,1,0,1,(499-999]
2021-06-08,Central,Suspension & traction,2,33.18,66.37,[0-10],Medium cost,0,1,0,1,0,(0-99]
2021-06-08,West,Suspension & traction,12,34.26,411.14,[11-20],Medium cost,0,0,1,0,1,(99-499]
2021-06-08,West,Miscellaneous,12,17.39,208.62,[11-20],Cheap,0,0,1,0,1,(99-499]
2021-06-08,North,Electrical system,3,29.93,89.8,[0-10],Medium cost,0,1,0,1,0,(0-99]
2021-06-08,North,Frame & body,2,35.46,70.92,[0-10],Medium cost,0,1,0,1,0,(0-99]
2021-06-08,Central,Frame & body,3,41.42,124.25,[0-10],Medium cost,0,1,0,1,0,(99-499]
2021-06-08,West,Breaking system,36,20.48,737.28,[31-inf],Cheap,0,0,1,0,1,(499-999]
2021-06-08,West,Breaking system,28,16.98,475.49,[21-30],Cheap,0,0,1,0,1,(99-499]
2021-06-09,Central,Breaking system,36,16.51,594.24,[31-inf],Cheap,0,0,1,0,1,(499-999]
2021-06-09,West,Frame & body,10,49.24,492.4,[0-10],Expensive,0,1,0,1,0,(99-499]
2021-06-09,Central,Frame & body,8,35.31,282.47,[0-10],Medium cost,0,1,0,1,0,(99-499]
2021-06-09,Central,Breaking system,6,16.55,99.32,[0-10],Cheap,0,1,0,1,0,(99-499]
2021-06-09,North,Breaking system,5,14.76,73.78,[0-10],Cheap,0,1,0,1,0,(0-99]
2021-06-09,West,Electrical system,7,32.73,229.1,[0-10],Medium cost,1,0,0,1,0,(99-499]
2021-06-09,Central,Suspension & traction,10,27.63,276.33,[0-10],Cheap,0,1,0,1,0,(99-499]
2021-06-09,Central,Suspension & traction,12,28.65,343.8,[11-20],Cheap,0,0,1,0,1,(99-499]
2021-06-10,Central,Electrical system,4,18.96,75.85,[0-10],Cheap,0,1,0,1,0,(0-99]
2021-06-10,Central,Frame & body,8,47.3,378.37,[0-10],Medium cost,0,1,0,1,0,(99-499]
2021-06-10,North,Engine,2,56.04,112.09,[0-10],Expensive,0,1,0,1,0,(99-499]
2021-06-10,Central,Electrical system,5,29.13,145.66,[0-10],Medium cost,0,1,0,1,0,(99-499]
2021-06-10,West,Miscellaneous,36,21.75,782.94,[31-inf],Cheap,0,0,1,0,1,(499-999]
2021-06-10,West,Frame & body,7,47.19,330.33,[0-10],Medium cost,0,1,0,1,0,(99-499]
2021-06-10,North,Suspension & traction,6,38.06,228.38,[0-10],Medium cost,1,0,0,1,0,(99-499]
2021-06-10,Central,Breaking system,7,21.64,151.5,[0-10],Cheap,0,1,0,1,0,(99-499]
2021-06-10,North,Frame & body,28,37.0,1035.91,[21-30],Medium cost,0,0,1,0,1,(999-1499]
2021-06-11,North,Miscellaneous,9,17.49,157.41,[0-10],Cheap,1,0,0,1,0,(99-499]
2021-06-11,North,Breaking system,1,23.28,23.28,[0-10],Cheap,0,1,0,1,0,(0-99]
2021-06-11,Central,Breaking system,28,14.46,404.93,[21-30],Cheap,0,0,1,0,1,(99-499]
2021-06-11,North,Breaking system,5,10.63,53.16,[0-10],Cheap,0,1,0,1,0,(0-99]
2021-06-11,North,Suspension & traction,6,41.09,246.52,[0-10],Medium cost,0,1,0,1,0,(99-499]
2021-06-11,North,Miscellaneous,24,21.42,514.0,[21-30],Cheap,0,0,1,0,1,(499-999]
2021-06-11,North,Frame & body,4,47.06,188.22,[0-10],Medium cost,0,1,0,1,0,(99-499]
2021-06-11,West,Frame & body,2,47.86,95.72,[0-10],Expensive,0,1,0,1,0,(0-99]
2021-06-12,North,Breaking system,10,13.24,132.37,[0-10],Cheap,0,1,0,1,0,(99-499]
2021-06-12,West,Frame & body,28,42.85,1199.89,[21-30],Medium cost,0,0,1,0,1,(999-1499]
2021-06-12,Central,Electrical system,2,26.2,52.41,[0-10],Cheap,0,1,0,1,0,(0-99]
2021-06-12,Central,Suspension & traction,7,33.51,234.58,[0-10],Medium cost,0,1,0,1,0,(99-499]
2021-06-12,Central,Electrical system,1,21.18,21.18,[0-10],Cheap,1,0,0,1,0,(0-99]
2021-06-12,Central,Frame & body,6,37.17,223.01,[0-10],Medium cost,0,1,0,1,0,(99-499]
2021-06-12,North,Breaking system,9,11.67,105.02,[0-10],Cheap,0,1,0,1,0,(99-499]
2021-06-12,North,Suspension & traction,10,39.78,397.78,[0-10],Medium cost,0,1,0,1,0,(99-499]
2021-06-12,Central,Breaking system,10,22.21,222.08,[0-10],Cheap,0,1,0,1,0,(99-499]
2021-06-12,Central,Suspension & traction,10,41.25,412.5,[0-10],Medium cost,0,1,0,1,0,(99-499]
2021-06-12,Central,Electrical system,8,31.93,255.41,[0-10],Medium cost,0,1,0,1,0,(99-499]
2021-06-13,North,Electrical system,9,23.27,209.43,[0-10],Cheap,0,1,0,1,0,(99-499]
2021-06-13,North,Frame & body,7,40.93,286.51,[0-10],Medium cost,0,1,0,1,0,(99-499]
2021-06-13,Central,Frame & body,6,45.43,272.6,[0-10],Medium cost,0,1,0,1,0,(99-499]
2021-06-13,North,Suspension & traction,3,38.5,115.5,[0-10],Medium cost,0,1,0,1,0,(99-499]
2021-06-13,Central,Electrical system,10,23.61,236.08,[0-10],Cheap,1,0,0,1,0,(99-499]
2021-06-13,Central,Breaking system,8,18.31,146.48,[0-10],Cheap,0,0,1,0,1,(99-499]
2021-06-13,West,Miscellaneous,4,16.84,67.36,[0-10],Cheap,0,1,0,1,0,(0-99]
2021-06-13,Central,Miscellaneous,2,25.4,50.8,[0-10],Cheap,0,1,0,1,0,(0-99]
2021-06-13,Central,Breaking system,1,20.72,20.72,[0-10],Cheap,0,1,0,1,0,(0-99]
2021-06-13,North,Suspension & traction,6,28.91,173.46,[0-10],Medium cost,1,0,0,1,0,(99-499]
2021-06-14,Central,Miscellaneous,1,27.47,27.47,[0-10],Cheap,0,1,0,1,0,(0-99]
2021-06-14,North,Breaking system,10,17.67,176.73,[0-10],Cheap,0,1,0,1,0,(99-499]
2021-06-14,Central,Electrical system,7,26.9,188.31,[0-10],Cheap,0,1,0,1,0,(99-499]
2021-06-14,Central,Frame & body,1,39.14,39.14,[0-10],Medium cost,0,1,0,1,0,(0-99]
2021-06-14,Central,Miscellaneous,5,29.95,149.74,[0-10],Medium cost,0,1,0,1,0,(99-499]
2021-06-14,Central,Miscellaneous,7,25.51,178.57,[0-10],Cheap,0,1,0,1,0,(99-499]
2021-06-14,Central,Electrical system,1,19.62,19.62,[0-10],Cheap,0,1,0,1,0,(0-99]
2021-06-14,West,Miscellaneous,4,18.63,74.51,[0-10],Cheap,0,1,0,1,0,(0-99]
2021-06-14,North,Breaking system,20,24.45,489.0,[11-20],Cheap,0,0,1,0,1,(99-499]
2021-06-14,Central,Electrical system,12,26.74,320.94,[11-20],Cheap,0,0,1,0,1,(99-499]
2021-06-14,Central,Breaking system,4,11.35,45.39,[0-10],Cheap,0,1,0,1,0,(0-99]
2021-06-14,West,Suspension & traction,9,32.47,292.26,[0-10],Medium cost,0,1,0,1,0,(99-499]
2021-06-14,Central,Engine,7,58.86,412.06,[0-10],Expensive,0,1,0,1,0,(99-499]
2021-06-15,Central,Engine,28,63.54,1779.07,[21-30],Expensive,0,0,1,0,1,(1499-inf]
2021-06-15,Central,Suspension & traction,10,41.23,412.28,[0-10],Medium cost,0,1,0,1,0,(99-499]
2021-06-15,North,Frame & body,7,36.52,255.62,[0-10],Medium cost,0,1,0,1,0,(99-499]
2021-06-15,Central,Breaking system,2,20.59,41.17,[0-10],Cheap,0,1,0,1,0,(0-99]
2021-06-15,Central,Electrical system,5,29.28,146.38,[0-10],Medium cost,0,1,0,1,0,(99-499]
2021-06-15,Central,Frame & body,24,48.95,1174.88,[21-30],Expensive,0,0,1,0,1,(999-1499]
2021-06-15,North,Electrical system,9,26.81,241.32,[0-10],Cheap,0,1,0,1,0,(99-499]
2021-06-15,North,Suspension & traction,36,39.87,1435.26,[31-inf],Medium cost,0,0,1,0,1,(999-1499]
2021-06-15,Central,Engine,10,61.08,610.78,[0-10],Expensive,0,1,0,1,0,(499-999]
2021-06-15,North,Suspension & traction,6,26.9,161.43,[0-10],Cheap,0,1,0,1,0,(99-499]
2021-06-15,West,Miscellaneous,5,16.24,81.2,[0-10],Cheap,0,1,0,1,0,(0-99]
2021-06-15,North,Breaking system,2,22.3,44.59,[0-10],Cheap,0,1,0,1,0,(0-99]
2021-06-15,West,Suspension & traction,10,34.31,343.12,[0-10],Medium cost,0,1,0,1,0,(99-499]
2021-06-16,North,Suspension & traction,40,35.59,1423.73,[31-inf],Medium cost,0,0,1,0,1,(999-1499]
2021-06-16,Central,Suspension & traction,10,40.93,409.3,[0-10],Medium cost,0,1,0,1,0,(99-499]
2021-06-16,Central,Miscellaneous,9,28.88,259.89,[0-10],Cheap,0,1,0,1,0,(99-499]
2021-06-16,North,Frame & body,2,48.86,97.73,[0-10],Expensive,0,1,0,1,0,(0-99]
2021-06-16,Central,Frame & body,7,48.46,339.2,[0-10],Expensive,0,1,0,1,0,(99-499]
2021-06-16,Central,Frame & body,2,35.92,71.83,[0-10],Medium cost,0,1,0,1,0,(0-99]
2021-06-16,Central,Breaking system,4,14.87,59.47,[0-10],Cheap,0,1,0,1,0,(0-99]
2021-06-16,Central,Frame & body,7,36.19,253.33,[0-10],Medium cost,1,0,0,1,0,(99-499]
2021-06-16,Central,Miscellaneous,9,22.1,198.9,[0-10],Cheap,0,1,0,1,0,(99-499]
2021-06-16,Central,Breaking system,4,16.89,67.57,[0-10],Cheap,0,0,1,0,1,(0-99]
2021-06-17,Central,Suspension & traction,7,40.76,285.36,[0-10],Medium cost,0,1,0,1,0,(99-499]
2021-06-17,Central,Frame & body,2,40.1,80.21,[0-10],Medium cost,0,1,0,1,0,(0-99]
2021-06-17,North,Miscellaneous,10,26.87,268.68,[0-10],Cheap,1,0,0,1,0,(99-499]
2021-06-17,Central,Frame & body,20,45.32,906.4,[11-20],Medium cost,0,0,1,0,1,(499-999]
2021-06-17,Central,Electrical system,8,27.14,217.09,[0-10],Cheap,0,0,1,0,1,(99-499]
2021-06-17,Central,Miscellaneous,8,22.98,183.85,[0-10],Cheap,0,0,1,0,1,(99-499]
2021-06-17,North,Frame & body,3,37.62,112.85,[0-10],Medium cost,0,1,0,1,0,(99-499]
2021-06-17,North,Frame & body,7,43.15,302.06,[0-10],Medium cost,1,0,0,1,0,(99-499]
2021-06-17,North,Suspension & traction,6,28.59,171.52,[0-10],Cheap,0,1,0,1,0,(99-499]
2021-06-17,Central,Miscellaneous,8,24.28,194.2,[0-10],Cheap,0,0,1,0,1,(99-499]
2021-06-17,Central,Suspension & traction,4,39.45,157.81,[0-10],Medium cost,0,0,1,0,1,(99-499]
2021-06-18,North,Frame & body,24,48.18,1156.24,[21-30],Expensive,0,0,1,0,1,(999-1499]
2021-06-18,Central,Frame & body,36,48.44,1743.78,[31-inf],Expensive,0,0,1,0,1,(1499-inf]
2021-06-18,West,Electrical system,1,23.24,23.24,[0-10],Cheap,0,1,0,1,0,(0-99]
2021-06-18,North,Breaking system,12,23.02,276.3,[11-20],Cheap,0,0,1,0,1,(99-499]
2021-06-18,Central,Breaking system,24,11.25,269.92,[21-30],Cheap,0,0,1,0,1,(99-499]
2021-06-18,North,Suspension & traction,5,29.38,146.93,[0-10],Medium cost,0,1,0,1,0,(99-499]
2021-06-18,North,Suspension & traction,9,28.23,254.04,[0-10],Cheap,0,1,0,1,0,(99-499]
2021-06-18,Central,Miscellaneous,8,16.63,133.05,[0-10],Cheap,0,1,0,1,0,(99-499]
2021-06-18,Central,Breaking system,7,18.46,129.2,[0-10],Cheap,0,1,0,1,0,(99-499]
2021-06-19,North,Frame & body,16,44.54,712.69,[11-20],Medium cost,0,0,1,0,1,(499-999]
2021-06-19,North,Breaking system,6,24.85,149.1,[0-10],Cheap,0,1,0,1,0,(99-499]
2021-06-19,North,Suspension & traction,10,32.61,326.13,[0-10],Medium cost,0,1,0,1,0,(99-499]
2021-06-19,North,Miscellaneous,8,18.98,151.84,[0-10],Cheap,0,1,0,1,0,(99-499]
2021-06-19,North,Frame & body,10,44.03,440.32,[0-10],Medium cost,1,0,0,1,0,(99-499]
2021-06-19,Central,Suspension & traction,6,33.82,202.89,[0-10],Medium cost,0,1,0,1,0,(99-499]
2021-06-19,North,Suspension & traction,9,34.68,312.1,[0-10],Medium cost,0,1,0,1,0,(99-499]
2021-06-19,Central,Frame & body,3,43.84,131.53,[0-10],Medium cost,0,1,0,1,0,(99-499]
2021-06-19,Central,Electrical system,8,18.68,149.47,[0-10],Cheap,0,1,0,1,0,(99-499]
2021-06-19,North,Miscellaneous,6,21.88,131.28,[0-10],Cheap,0,1,0,1,0,(99-499]
2021-06-19,West,Frame & body,1,46.82,46.82,[0-10],Medium cost,0,1,0,1,0,(0-99]
2021-06-19,West,Suspension & traction,4,34.35,137.42,[0-10],Medium cost,0,1,0,1,0,(99-499]
2021-06-19,West,Miscellaneous,8,20.53,164.24,[0-10],Cheap,0,1,0,1,0,(99-499]
2021-06-19,North,Suspension & traction,12,26.99,323.88,[11-20],Cheap,0,0,1,0,1,(99-499]
2021-06-19,West,Breaking system,4,18.26,73.06,[0-10],Cheap,0,1,0,1,0,(0-99]
2021-06-19,West,Suspension & traction,4,39.77,159.07,[0-10],Medium cost,0,0,1,0,1,(99-499]
2021-06-20,West,Electrical system,7,27.35,191.43,[0-10],Cheap,0,1,0,1,0,(99-499]
2021-06-20,Central,Suspension & traction,3,31.25,93.74,[0-10],Medium cost,0,1,0,1,0,(0-99]
2021-06-20,Central,Frame & body,16,47.16,754.48,[11-20],Medium cost,0,0,1,0,1,(499-999]
2021-06-20,West,Breaking system,8,10.94,87.49,[0-10],Cheap,0,1,0,1,0,(0-99]
2021-06-20,North,Breaking system,32,18.98,607.36,[31-inf],Cheap,0,0,1,0,1,(499-999]
2021-06-20,North,Suspension & traction,10,37.06,370.58,[0-10],Medium cost,0,1,0,1,0,(99-499]
2021-06-20,West,Suspension & traction,32,39.88,1276.0,[31-inf],Medium cost,0,0,1,0,1,(999-1499]
2021-06-20,North,Electrical system,16,25.92,414.67,[11-20],Cheap,0,0,1,0,1,(99-499]
2021-06-20,Central,Suspension & traction,2,33.91,67.81,[0-10],Medium cost,0,1,0,1,0,(0-99]
2021-06-20,North,Frame & body,2,48.86,97.71,[0-10],Expensive,1,0,0,1,0,(0-99]
2021-06-21,North,Miscellaneous,3,22.45,67.34,[0-10],Cheap,0,1,0,1,0,(0-99]
2021-06-21,North,Electrical system,7,25.53,178.7,[0-10],Cheap,1,0,0,1,0,(99-499]
2021-06-21,West,Engine,6,66.53,399.19,[0-10],Expensive,1,0,0,1,0,(99-499]
2021-06-21,North,Suspension & traction,6,37.99,227.95,[0-10],Medium cost,0,1,0,1,0,(99-499]
2021-06-21,North,Breaking system,8,14.39,115.15,[0-10],Cheap,0,0,1,0,1,(99-499]
2021-06-21,Central,Frame & body,1,49.69,49.69,[0-10],Expensive,0,1,0,1,0,(0-99]
2021-06-21,West,Miscellaneous,4,24.83,99.32,[0-10],Cheap,0,0,1,0,1,(99-499]
2021-06-21,North,Suspension & traction,6,37.2,223.22,[0-10],Medium cost,0,1,0,1,0,(99-499]
2021-06-22,North,Suspension & traction,3,30.11,90.34,[0-10],Medium cost,0,1,0,1,0,(0-99]
2021-06-22,North,Suspension & traction,9,37.44,337.0,[0-10],Medium cost,0,1,0,1,0,(99-499]
2021-06-22,Central,Suspension & traction,5,31.56,157.82,[0-10],Medium cost,0,1,0,1,0,(99-499]
2021-06-22,Central,Engine,6,59.3,355.81,[0-10],Expensive,1,0,0,1,0,(99-499]
2021-06-22,Central,Engine,4,63.58,254.34,[0-10],Expensive,0,0,1,0,1,(99-499]
2021-06-22,Central,Engine,5,53.4,266.98,[0-10],Expensive,0,1,0,1,0,(99-499]
2021-06-22,Central,Breaking system,5,13.14,65.72,[0-10],Cheap,0,1,0,1,0,(0-99]
2021-06-23,North,Miscellaneous,9,21.27,191.44,[0-10],Cheap,0,1,0,1,0,(99-499]
2021-06-23,West,Electrical system,7,33.33,233.29,[0-10],Medium cost,0,1,0,1,0,(99-499]
2021-06-23,Central,Electrical system,5,18.5,92.49,[0-10],Cheap,0,1,0,1,0,(0-99]
2021-06-23,North,Suspension & traction,6,36.01,216.06,[0-10],Medium cost,0,1,0,1,0,(99-499]
2021-06-23,North,Engine,5,65.99,329.96,[0-10],Expensive,1,0,0,1,0,(99-499]
2021-06-23,North,Breaking system,1,13.44,13.44,[0-10],Cheap,0,1,0,1,0,(0-99]
2021-06-23,West,Electrical system,3,30.68,92.02,[0-10],Medium cost,0,1,0,1,0,(0-99]
2021-06-23,North,Miscellaneous,6,29.76,178.53,[0-10],Medium cost,0,1,0,1,0,(99-499]
2021-06-23,West,Suspension & traction,16,32.9,526.35,[11-20],Medium cost,0,0,1,0,1,(499-999]
2021-06-23,West,Frame & body,10,48.3,483.0,[0-10],Expensive,1,0,0,1,0,(99-499]
2021-06-23,West,Breaking system,8,11.54,92.33,[0-10],Cheap,0,1,0,1,0,(0-99]
2021-06-23,Central,Breaking system,32,14.74,471.84,[31-inf],Cheap,0,0,1,0,1,(99-499]
2021-06-23,North,Engine,4,59.69,238.77,[0-10],Expensive,0,1,0,1,0,(99-499]
2021-06-23,Central,Suspension & traction,6,38.96,233.77,[0-10],Medium cost,1,0,0,1,0,(99-499]
2021-06-23,North,Breaking system,5,11.32,56.62,[0-10],Cheap,1,0,0,1,0,(0-99]
2021-06-23,Central,Electrical system,1,30.51,30.51,[0-10],Medium cost,0,1,0,1,0,(0-99]
2021-06-23,Central,Breaking system,7,15.91,111.35,[0-10],Cheap,0,1,0,1,0,(99-499]
2021-06-24,North,Breaking system,8,22.78,182.24,[0-10],Cheap,0,1,0,1,0,(99-499]
2021-06-24,Central,Frame & body,6,37.18,223.08,[0-10],Medium cost,0,1,0,1,0,(99-499]
2021-06-24,West,Suspension & traction,3,39.29,117.86,[0-10],Medium cost,1,0,0,1,0,(99-499]
2021-06-24,Central,Electrical system,10,23.38,233.83,[0-10],Cheap,0,1,0,1,0,(99-499]
2021-06-24,North,Frame & body,10,46.46,464.62,[0-10],Medium cost,0,1,0,1,0,(99-499]
2021-06-24,Central,Electrical system,7,29.31,205.19,[0-10],Medium cost,0,1,0,1,0,(99-499]
2021-06-24,Central,Suspension & traction,5,37.21,186.07,[0-10],Medium cost,0,1,0,1,0,(99-499]
2021-06-24,Central,Frame & body,10,46.1,461.0,[0-10],Medium cost,0,1,0,1,0,(99-499]
2021-06-24,West,Suspension & traction,1,35.15,35.15,[0-10],Medium cost,1,0,0,1,0,(0-99]
2021-06-24,Central,Breaking system,3,23.87,71.61,[0-10],Cheap,0,1,0,1,0,(0-99]
2021-06-24,North,Electrical system,32,24.77,792.64,[31-inf],Cheap,0,0,1,0,1,(499-999]
2021-06-24,North,Electrical system,8,18.43,147.41,[0-10],Cheap,0,1,0,1,0,(99-499]
2021-06-24,North,Electrical system,5,29.58,147.92,[0-10],Medium cost,0,1,0,1,0,(99-499]
2021-06-25,Central,Breaking system,2,18.49,36.99,[0-10],Cheap,0,1,0,1,0,(0-99]
2021-06-25,Central,Miscellaneous,7,21.42,149.93,[0-10],Cheap,1,0,0,1,0,(99-499]
2021-06-25,Central,Electrical system,4,25.19,100.75,[0-10],Cheap,0,1,0,1,0,(99-499]
2021-06-25,North,Frame & body,16,40.01,640.13,[11-20],Medium cost,0,0,1,0,1,(499-999]
2021-06-25,North,Suspension & traction,4,35.0,140.01,[0-10],Medium cost,1,0,0,1,0,(99-499]
2021-06-25,Central,Frame & body,2,36.98,73.96,[0-10],Medium cost,0,1,0,1,0,(0-99]
2021-06-25,Central,Engine,1,66.02,66.02,[0-10],Expensive,0,1,0,1,0,(0-99]
2021-06-25,West,Breaking system,1,10.9,10.9,[0-10],Cheap,0,1,0,1,0,(0-99]
2021-06-25,Central,Miscellaneous,5,28.06,140.3,[0-10],Cheap,0,1,0,1,0,(99-499]
2021-06-25,North,Breaking system,1,20.68,20.68,[0-10],Cheap,1,0,0,1,0,(0-99]
2021-06-25,Central,Breaking system,7,14.94,104.56,[0-10],Cheap,1,0,0,1,0,(99-499]
2021-06-25,West,Breaking system,3,22.48,67.44,[0-10],Cheap,0,1,0,1,0,(0-99]
2021-06-25,Central,Electrical system,10,31.75,317.5,[0-10],Medium cost,0,1,0,1,0,(99-499]
2021-06-25,West,Frame & body,9,45.03,405.28,[0-10],Medium cost,1,0,0,1,0,(99-499]
2021-06-25,West,Engine,8,55.72,445.75,[0-10],Expensive,0,1,0,1,0,(99-499]
2021-06-25,North,Suspension & traction,9,29.37,264.34,[0-10],Medium cost,0,1,0,1,0,(99-499]
2021-06-25,North,Suspension & traction,12,33.88,406.6,[11-20],Medium cost,0,0,1,0,1,(99-499]
2021-06-26,West,Breaking system,1,19.16,19.16,[0-10],Cheap,0,1,0,1,0,(0-99]
2021-06-26,North,Breaking system,1,11.89,11.89,[0-10],Cheap,0,1,0,1,0,(0-99]
2021-06-26,North,Breaking system,1,10.35,10.35,[0-10],Cheap,0,1,0,1,0,(0-99]
2021-06-26,Central,Miscellaneous,8,26.48,211.84,[0-10],Cheap,0,0,1,0,1,(99-499]
2021-06-26,Central,Frame & body,5,41.92,209.62,[0-10],Medium cost,0,1,0,1,0,(99-499]
2021-06-26,Central,Breaking system,2,13.89,27.78,[0-10],Cheap,0,1,0,1,0,(0-99]
2021-06-26,Central,Breaking system,3,24.45,73.34,[0-10],Cheap,0,1,0,1,0,(0-99]
2021-06-26,North,Electrical system,7,25.28,176.97,[0-10],Cheap,1,0,0,1,0,(99-499]
2021-06-26,Central,Electrical system,36,28.23,1016.22,[31-inf],Cheap,0,0,1,0,1,(999-1499]
2021-06-26,Central,Suspension & traction,4,29.26,117.03,[0-10],Medium cost,0,1,0,1,0,(99-499]
2021-06-26,West,Breaking system,5,14.48,72.38,[0-10],Cheap,0,1,0,1,0,(0-99]
2021-06-26,Central,Electrical system,7,31.18,218.26,[0-10],Medium cost,0,1,0,1,0,(99-499]
2021-06-26,Central,Breaking system,2,21.9,43.79,[0-10],Cheap,0,1,0,1,0,(0-99]
2021-06-26,Central,Miscellaneous,20,26.68,533.5,[11-20],Cheap,0,0,1,0,1,(499-999]
2021-06-26,Central,Breaking system,10,14.66,146.58,[0-10],Cheap,0,1,0,1,0,(99-499]
2021-06-26,West,Frame & body,10,40.81,408.1,[0-10],Medium cost,1,0,0,1,0,(99-499]
2021-06-26,Central,Electrical system,3,22.3,66.9,[0-10],Cheap,0,1,0,1,0,(0-99]
2021-06-27,Central,Breaking system,36,17.34,624.42,[31-inf],Cheap,0,0,1,0,1,(499-999]
2021-06-27,North,Engine,8,59.7,477.63,[0-10],Expensive,0,1,0,1,0,(99-499]
2021-06-27,Central,Electrical system,40,24.43,977.13,[31-inf],Cheap,0,0,1,0,1,(499-999]
2021-06-27,Central,Engine,4,66.03,264.11,[0-10],Expensive,0,1,0,1,0,(99-499]
2021-06-27,West,Miscellaneous,6,28.37,170.24,[0-10],Cheap,0,1,0,1,0,(99-499]
2021-06-27,North,Electrical system,1,28.88,28.88,[0-10],Cheap,0,1,0,1,0,(0-99]
2021-06-27,North,Frame & body,5,38.71,193.54,[0-10],Medium cost,1,0,0,1,0,(99-499]
2021-06-27,Central,Suspension & traction,10,33.17,331.68,[0-10],Medium cost,0,1,0,1,0,(99-499]
2021-06-27,North,Breaking system,7,17.38,121.66,[0-10],Cheap,0,1,0,1,0,(99-499]
2021-06-27,North,Miscellaneous,6,26.95,161.71,[0-10],Cheap,0,1,0,1,0,(99-499]
2021-06-27,West,Suspension & traction,7,29.04,203.28,[0-10],Medium cost,0,1,0,1,0,(99-499]
2021-06-27,Central,Frame & body,10,35.73,357.27,[0-10],Medium cost,0,1,0,1,0,(99-499]
2021-06-27,North,Suspension & traction,2,27.0,54.01,[0-10],Cheap,0,1,0,1,0,(0-99]
2021-06-27,West,Suspension & traction,2,36.57,73.13,[0-10],Medium cost,0,1,0,1,0,(0-99]
2021-06-28,North,Miscellaneous,7,15.26,106.79,[0-10],Cheap,0,1,0,1,0,(99-499]
2021-06-28,West,Electrical system,6,19.79,118.77,[0-10],Cheap,0,1,0,1,0,(99-499]
2021-06-28,Central,Breaking system,5,12.3,61.52,[0-10],Cheap,1,0,0,1,0,(0-99]
2021-06-28,Central,Frame & body,9,46.34,417.1,[0-10],Medium cost,0,1,0,1,0,(99-499]
2021-06-28,West,Frame & body,8,46.83,374.63,[0-10],Medium cost,0,1,0,1,0,(99-499]
2021-06-28,Central,Engine,8,62.56,500.49,[0-10],Expensive,0,1,0,1,0,(499-999]
2021-06-28,Central,Engine,1,53.19,53.19,[0-10],Expensive,0,1,0,1,0,(0-99]
2021-06-28,Central,Electrical system,8,33.19,265.55,[0-10],Medium cost,0,1,0,1,0,(99-499]
2021-06-28,Central,Electrical system,12,31.13,373.6,[11-20],Medium cost,0,0,1,0,1,(99-499]
2021-06-28,Central,Suspension & traction,4,36.64,146.54,[0-10],Medium cost,1,0,0,1,0,(99-499]
2021-06-28,North,Suspension & traction,8,29.03,232.24,[0-10],Medium cost,0,1,0,1,0,(99-499]
2021-06-28,Central,Suspension & traction,40,28.57,1142.87,[31-inf],Cheap,0,0,1,0,1,(999-1499]
2021-06-28,Central,Electrical system,5,19.57,97.84,[0-10],Cheap,0,1,0,1,0,(0-99]
2021-06-28,Central,Engine,36,62.02,2232.66,[31-inf],Expensive,0,0,1,0,1,(1499-inf]
2021-06-29,North,Frame & body,4,37.0,148.01,[0-10],Medium cost,0,1,0,1,0,(99-499]
2021-06-29,Central,Breaking system,16,13.77,220.32,[11-20],Cheap,0,0,1,0,1,(99-499]
2021-06-29,Central,Engine,1,56.72,56.72,[0-10],Expensive,0,1,0,1,0,(0-99]
2021-06-29,West,Breaking system,6,15.35,92.08,[0-10],Cheap,0,1,0,1,0,(0-99]
2021-06-29,West,Electrical system,10,26.46,264.6,[0-10],Cheap,0,1,0,1,0,(99-499]
2021-06-29,Central,Frame & body,10,37.78,377.78,[0-10],Medium cost,0,1,0,1,0,(99-499]
2021-06-29,North,Breaking system,9,22.21,199.86,[0-10],Cheap,0,1,0,1,0,(99-499]
2021-06-29,Central,Miscellaneous,6,27.34,164.05,[0-10],Cheap,0,1,0,1,0,(99-499]
2021-06-29,West,Frame & body,6,36.52,219.15,[0-10],Medium cost,0,1,0,1,0,(99-499]
2021-06-29,North,Frame & body,20,37.99,759.77,[11-20],Medium cost,0,0,1,0,1,(499-999]
2021-06-29,North,Suspension & traction,20,39.56,791.23,[11-20],Medium cost,0,0,1,0,1,(499-999]
2021-06-29,North,Electrical system,1,23.1,23.1,[0-10],Cheap,0,1,0,1,0,(0-99]
2021-06-30,Central,Suspension & traction,8,32.07,256.56,[0-10],Medium cost,0,1,0,1,0,(99-499]
2021-06-30,West,Frame & body,1,37.06,37.06,[0-10],Medium cost,0,1,0,1,0,(0-99]
2021-06-30,Central,Electrical system,4,20.61,82.43,[0-10],Cheap,0,1,0,1,0,(0-99]
2021-06-30,North,Suspension & traction,12,40.63,487.56,[11-20],Medium cost,0,0,1,0,1,(99-499]
2021-06-30,West,Miscellaneous,40,29.75,1190.13,[31-inf],Medium cost,0,0,1,0,1,(999-1499]
2021-06-30,Central,Suspension & traction,1,28.83,28.83,[0-10],Cheap,0,1,0,1,0,(0-99]
2021-06-30,West,Miscellaneous,5,29.5,147.52,[0-10],Medium cost,0,1,0,1,0,(99-499]
2021-06-30,Central,Suspension & traction,20,26.76,535.1,[11-20],Cheap,0,0,1,0,1,(499-999]
2021-06-30,West,Frame & body,2,46.07,92.13,[0-10],Medium cost,1,0,0,1,0,(0-99]
2021-07-01,Central,Breaking system,10,18.7,186.97,[0-10],Cheap,0,1,0,1,0,(99-499]
2021-07-01,West,Suspension & traction,16,31.18,498.83,[11-20],Medium cost,0,0,1,0,1,(99-499]
2021-07-01,Central,Suspension & traction,6,32.56,195.35,[0-10],Medium cost,0,1,0,1,0,(99-499]
2021-07-01,West,Breaking system,32,24.78,793.07,[31-inf],Cheap,0,0,1,0,1,(499-999]
2021-07-01,West,Frame & body,9,37.29,335.62,[0-10],Medium cost,0,1,0,1,0,(99-499]
2021-07-01,Central,Breaking system,2,19.85,39.69,[0-10],Cheap,1,0,0,1,0,(0-99]
2021-07-01,North,Suspension & traction,1,36.06,36.06,[0-10],Medium cost,0,1,0,1,0,(0-99]
2021-07-01,Central,Electrical system,10,28.69,286.88,[0-10],Cheap,0,1,0,1,0,(99-499]
2021-07-01,Central,Electrical system,4,23.83,95.33,[0-10],Cheap,0,1,0,1,0,(0-99]
2021-07-01,Central,Frame & body,1,45.97,45.97,[0-10],Medium cost,0,1,0,1,0,(0-99]
2021-07-01,North,Suspension & traction,16,28.46,455.39,[11-20],Cheap,0,0,1,0,1,(99-499]
2021-07-01,Central,Frame & body,6,46.66,279.93,[0-10],Medium cost,0,1,0,1,0,(99-499]
2021-07-01,North,Breaking system,8,16.89,135.12,[0-10],Cheap,1,0,0,1,0,(99-499]
2021-07-01,Central,Electrical system,36,31.31,1127.22,[31-inf],Medium cost,0,0,1,0,1,(999-1499]
2021-07-02,Central,Suspension & traction,9,28.84,259.6,[0-10],Cheap,0,1,0,1,0,(99-499]
2021-07-02,West,Suspension & traction,36,38.47,1384.74,[31-inf],Medium cost,0,0,1,0,1,(999-1499]
2021-07-02,West,Breaking system,6,22.91,137.48,[0-10],Cheap,0,1,0,1,0,(99-499]
2021-07-02,North,Frame & body,28,44.92,1257.76,[21-30],Medium cost,0,0,1,0,1,(999-1499]
2021-07-02,North,Miscellaneous,5,15.7,78.53,[0-10],Cheap,0,1,0,1,0,(0-99]
2021-07-02,North,Engine,16,62.95,1007.15,[11-20],Expensive,0,0,1,0,1,(999-1499]
2021-07-03,West,Miscellaneous,8,24.33,194.63,[0-10],Cheap,0,1,0,1,0,(99-499]
2021-07-03,Central,Breaking system,7,12.59,88.15,[0-10],Cheap,0,1,0,1,0,(0-99]
2021-07-03,North,Breaking system,40,15.52,620.87,[31-inf],Cheap,0,0,1,0,1,(499-999]
2021-07-03,West,Electrical system,6,22.58,135.49,[0-10],Cheap,0,1,0,1,0,(99-499]
2021-07-03,West,Miscellaneous,1,19.74,19.74,[0-10],Cheap,0,1,0,1,0,(0-99]
2021-07-03,Central,Electrical system,7,21.04,147.3,[0-10],Cheap,1,0,0,1,0,(99-499]
2021-07-03,Central,Breaking system,8,22.22,177.8,[0-10],Cheap,0,0,1,0,1,(99-499]
2021-07-03,North,Frame & body,32,41.92,1341.44,[31-inf],Medium cost,0,0,1,0,1,(999-1499]
2021-07-03,North,Miscellaneous,10,15.16,151.6,[0-10],Cheap,1,0,0,1,0,(99-499]
2021-07-03,Central,Breaking system,36,16.09,579.3,[31-inf],Cheap,0,0,1,0,1,(499-999]
2021-07-03,West,Breaking system,4,24.24,96.95,[0-10],Cheap,1,0,0,1,0,(0-99]
2021-07-03,North,Engine,1,53.06,53.06,[0-10],Expensive,0,1,0,1,0,(0-99]
2021-07-03,Central,Suspension & traction,8,34.35,274.81,[0-10],Medium cost,0,0,1,0,1,(99-499]
2021-07-03,Central,Suspension & traction,8,40.65,325.16,[0-10],Medium cost,0,1,0,1,0,(99-499]
2021-07-04,Central,Breaking system,1,17.3,17.3,[0-10],Cheap,0,1,0,1,0,(0-99]
2021-07-04,North,Breaking system,10,19.58,195.75,[0-10],Cheap,1,0,0,1,0,(99-499]
2021-07-04,Central,Miscellaneous,28,28.57,799.87,[21-30],Cheap,0,0,1,0,1,(499-999]
2021-07-04,North,Miscellaneous,5,17.88,89.4,[0-10],Cheap,0,1,0,1,0,(0-99]
2021-07-04,Central,Frame & body,4,45.66,182.65,[0-10],Medium cost,0,0,1,0,1,(99-499]
2021-07-04,Central,Frame & body,3,40.49,121.48,[0-10],Medium cost,0,1,0,1,0,(99-499]
2021-07-04,North,Suspension & traction,10,37.13,371.3,[0-10],Medium cost,0,1,0,1,0,(99-499]
2021-07-04,Central,Frame & body,9,42.51,382.6,[0-10],Medium cost,0,1,0,1,0,(99-499]
2021-07-04,West,Frame & body,10,41.56,415.55,[0-10],Medium cost,0,1,0,1,0,(99-499]
2021-07-04,Central,Miscellaneous,5,21.19,105.97,[0-10],Cheap,0,1,0,1,0,(99-499]
2021-07-04,West,Frame & body,4,45.66,182.63,[0-10],Medium cost,1,0,0,1,0,(99-499]
2021-07-04,Central,Miscellaneous,5,20.09,100.43,[0-10],Cheap,0,1,0,1,0,(99-499]
2021-07-04,North,Suspension & traction,7,40.81,285.69,[0-10],Medium cost,0,1,0,1,0,(99-499]
2021-07-04,North,Breaking system,5,21.17,105.85,[0-10],Cheap,0,1,0,1,0,(99-499]
2021-07-05,Central,Miscellaneous,1,24.63,24.63,[0-10],Cheap,1,0,0,1,0,(0-99]
2021-07-05,North,Electrical system,28,20.87,584.36,[21-30],Cheap,0,0,1,0,1,(499-999]
2021-07-05,Central,Suspension & traction,9,37.95,341.52,[0-10],Medium cost,0,1,0,1,0,(99-499]
2021-07-05,North,Breaking system,4,16.44,65.75,[0-10],Cheap,0,1,0,1,0,(0-99]
2021-07-05,Central,Breaking system,4,12.22,48.89,[0-10],Cheap,0,1,0,1,0,(0-99]
2021-07-05,North,Electrical system,7,29.1,203.68,[0-10],Medium cost,0,1,0,1,0,(99-499]
2021-07-05,North,Frame & body,5,40.51,202.55,[0-10],Medium cost,0,1,0,1,0,(99-499]
2021-07-05,West,Electrical system,9,18.97,170.77,[0-10],Cheap,0,1,0,1,0,(99-499]
2021-07-05,Central,Breaking system,2,20.34,40.68,[0-10],Cheap,0,1,0,1,0,(0-99]
2021-07-05,North,Suspension & traction,4,36.99,147.97,[0-10],Medium cost,0,0,1,0,1,(99-499]
2021-07-05,West,Suspension & traction,4,27.33,109.32,[0-10],Cheap,0,0,1,0,1,(99-499]
2021-07-06,West,Electrical system,10,28.1,281.0,[0-10],Cheap,0,1,0,1,0,(99-499]
2021-07-06,North,Suspension & traction,8,28.48,227.85,[0-10],Cheap,0,0,1,0,1,(99-499]
2021-07-06,Central,Breaking system,2,19.89,39.78,[0-10],Cheap,1,0,0,1,0,(0-99]
2021-07-06,North,Breaking system,1,13.44,13.44,[0-10],Cheap,0,1,0,1,0,(0-99]
2021-07-06,North,Miscellaneous,1,27.98,27.98,[0-10],Cheap,0,1,0,1,0,(0-99]
2021-07-06,West,Engine,3,66.37,199.1,[0-10],Expensive,0,1,0,1,0,(99-499]
2021-07-06,North,Frame & body,3,45.87,137.6,[0-10],Medium cost,1,0,0,1,0,(99-499]
2021-07-06,Central,Frame & body,2,36.08,72.16,[0-10],Medium cost,0,1,0,1,0,(0-99]
2021-07-06,North,Suspension & traction,6,29.32,175.91,[0-10],Medium cost,0,1,0,1,0,(99-499]
2021-07-06,Central,Miscellaneous,6,21.21,127.27,[0-10],Cheap,0,1,0,1,0,(99-499]
2021-07-06,Central,Breaking system,36,15.47,556.92,[31-inf],Cheap,0,0,1,0,1,(499-999]
2021-07-06,Central,Engine,9,59.71,537.36,[0-10],Expensive,0,1,0,1,0,(499-999]
2021-07-07,Central,Suspension & traction,24,33.41,801.8,[21-30],Medium cost,0,0,1,0,1,(499-999]
2021-07-07,Central,Electrical system,8,21.42,171.33,[0-10],Cheap,0,1,0,1,0,(99-499]
2021-07-07,Central,Breaking system,16,10.75,171.95,[11-20],Cheap,0,0,1,0,1,(99-499]
2021-07-07,West,Miscellaneous,1,22.07,22.07,[0-10],Cheap,0,1,0,1,0,(0-99]
2021-07-07,Central,Miscellaneous,9,16.67,150.01,[0-10],Cheap,0,1,0,1,0,(99-499]
2021-07-07,Central,Breaking system,4,24.5,97.99,[0-10],Cheap,0,1,0,1,0,(0-99]
2021-07-07,North,Engine,5,55.95,279.73,[0-10],Expensive,0,1,0,1,0,(99-499]
2021-07-07,Central,Electrical system,40,20.98,839.33,[31-inf],Cheap,0,0,1,0,1,(499-999]
2021-07-07,North,Suspension & traction,24,31.24,749.76,[21-30],Medium cost,0,0,1,0,1,(499-999]
2021-07-07,Central,Electrical system,10,20.49,204.92,[0-10],Cheap,1,0,0,1,0,(99-499]
2021-07-07,Central,Suspension & traction,5,30.97,154.84,[0-10],Medium cost,0,1,0,1,0,(99-499]
2021-07-07,Central,Breaking system,4,24.9,99.61,[0-10],Cheap,0,1,0,1,0,(99-499]
2021-07-07,West,Electrical system,1,31.62,31.62,[0-10],Medium cost,0,1,0,1,0,(0-99]
2021-07-08,North,Frame & body,1,40.93,40.93,[0-10],Medium cost,0,1,0,1,0,(0-99]
2021-07-08,Central,Electrical system,6,24.34,146.02,[0-10],Cheap,0,1,0,1,0,(99-499]
2021-07-08,Central,Breaking system,6,15.58,93.46,[0-10],Cheap,0,1,0,1,0,(0-99]
2021-07-08,Central,Miscellaneous,6,16.08,96.48,[0-10],Cheap,0,1,0,1,0,(0-99]
2021-07-08,Central,Electrical system,8,26.32,210.55,[0-10],Cheap,0,1,0,1,0,(99-499]
2021-07-08,Central,Breaking system,5,18.95,94.76,[0-10],Cheap,0,1,0,1,0,(0-99]
2021-07-08,North,Suspension & traction,8,40.52,324.16,[0-10],Medium cost,1,0,0,1,0,(99-499]
2021-07-08,Central,Engine,10,59.82,598.25,[0-10],Expensive,1,0,0,1,0,(499-999]
2021-07-08,North,Engine,8,64.93,519.47,[0-10],Expensive,0,1,0,1,0,(499-999]
2021-07-08,Central,Electrical system,16,27.66,442.51,[11-20],Cheap,0,0,1,0,1,(99-499]
2021-07-08,Central,Frame & body,1,35.03,35.03,[0-10],Medium cost,0,1,0,1,0,(0-99]
2021-07-08,Central,Breaking system,2,22.69,45.38,[0-10],Cheap,0,1,0,1,0,(0-99]
2021-07-08,West,Electrical system,8,23.48,187.81,[0-10],Cheap,0,1,0,1,0,(99-499]
2021-07-08,Central,Miscellaneous,10,22.39,223.93,[0-10],Cheap,1,0,0,1,0,(99-499]
2021-07-08,Central,Suspension & traction,7,27.78,194.45,[0-10],Cheap,0,1,0,1,0,(99-499]
2021-07-08,Central,Suspension & traction,9,28.67,258.03,[0-10],Cheap,0,1,0,1,0,(99-499]
2021-07-08,Central,Breaking system,8,18.4,147.21,[0-10],Cheap,0,1,0,1,0,(99-499]
2021-07-08,North,Miscellaneous,10,20.53,205.32,[0-10],Cheap,0,1,0,1,0,(99-499]
2021-07-08,North,Suspension & traction,1,29.83,29.83,[0-10],Medium cost,0,1,0,1,0,(0-99]
2021-07-08,Central,Electrical system,10,29.9,298.98,[0-10],Medium cost,0,1,0,1,0,(99-499]
2021-07-09,North,Breaking system,1,11.62,11.62,[0-10],Cheap,1,0,0,1,0,(0-99]
2021-07-09,West,Frame & body,5,44.16,220.81,[0-10],Medium cost,0,1,0,1,0,(99-499]
2021-07-09,Central,Suspension & traction,6,27.73,166.37,[0-10],Cheap,0,1,0,1,0,(99-499]
2021-07-09,Central,Suspension & traction,4,30.29,121.17,[0-10],Medium cost,1,0,0,1,0,(99-499]
2021-07-09,Central,Electrical system,7,22.86,160.01,[0-10],Cheap,0,1,0,1,0,(99-499]
2021-07-09,Central,Frame & body,9,48.38,435.42,[0-10],Expensive,0,1,0,1,0,(99-499]
2021-07-09,North,Frame & body,7,47.72,334.03,[0-10],Medium cost,0,1,0,1,0,(99-499]
2021-07-09,Central,Breaking system,1,13.92,13.92,[0-10],Cheap,1,0,0,1,0,(0-99]
2021-07-09,North,Breaking system,10,24.83,248.3,[0-10],Cheap,0,1,0,1,0,(99-499]
2021-07-09,Central,Suspension & traction,4,32.74,130.98,[0-10],Medium cost,1,0,0,1,0,(99-499]
2021-07-09,West,Breaking system,40,24.53,981.4,[31-inf],Cheap,0,0,1,0,1,(499-999]
2021-07-09,Central,Frame & body,6,44.85,269.12,[0-10],Medium cost,0,1,0,1,0,(99-499]
2021-07-10,North,Breaking system,1,13.64,13.64,[0-10],Cheap,0,1,0,1,0,(0-99]
2021-07-10,West,Engine,10,64.1,641.02,[0-10],Expensive,0,1,0,1,0,(499-999]
2021-07-10,Central,Breaking system,3,17.88,53.64,[0-10],Cheap,0,1,0,1,0,(0-99]
2021-07-10,Central,Breaking system,1,11.93,11.93,[0-10],Cheap,0,1,0,1,0,(0-99]
2021-07-10,West,Suspension & traction,6,27.08,162.45,[0-10],Cheap,0,1,0,1,0,(99-499]
2021-07-10,Central,Miscellaneous,3,16.85,50.54,[0-10],Cheap,0,1,0,1,0,(0-99]
2021-07-10,Central,Suspension & traction,6,27.66,165.95,[0-10],Cheap,0,1,0,1,0,(99-499]
2021-07-10,North,Miscellaneous,36,19.17,690.24,[31-inf],Cheap,0,0,1,0,1,(499-999]
2021-07-10,Central,Suspension & traction,24,35.98,863.64,[21-30],Medium cost,0,0,1,0,1,(499-999]
2021-07-10,West,Breaking system,7,19.04,133.3,[0-10],Cheap,0,1,0,1,0,(99-499]
2021-07-10,Central,Electrical system,12,30.23,362.8,[11-20],Medium cost,0,0,1,0,1,(99-499]
2021-07-10,North,Frame & body,40,37.04,1481.6,[31-inf],Medium cost,0,0,1,0,1,(999-1499]
2021-07-10,Central,Suspension & traction,4,32.66,130.65,[0-10],Medium cost,0,1,0,1,0,(99-499]
2021-07-11,Central,Electrical system,6,19.82,118.93,[0-10],Cheap,0,1,0,1,0,(99-499]
2021-07-11,North,Breaking system,7,17.28,120.93,[0-10],Cheap,1,0,0,1,0,(99-499]
2021-07-11,North,Miscellaneous,5,20.76,103.82,[0-10],Cheap,0,1,0,1,0,(99-499]
2021-07-11,West,Breaking system,28,20.56,575.77,[21-30],Cheap,0,0,1,0,1,(499-999]
2021-07-11,West,Electrical system,2,22.24,44.49,[0-10],Cheap,0,1,0,1,0,(0-99]
2021-07-11,North,Suspension & traction,1,37.34,37.34,[0-10],Medium cost,0,1,0,1,0,(0-99]
2021-07-11,Central,Electrical system,12,24.68,296.18,[11-20],Cheap,0,0,1,0,1,(99-499]
2021-07-11,Central,Frame & body,4,39.14,156.56,[0-10],Medium cost,1,0,0,1,0,(99-499]
2021-07-11,North,Breaking system,40,13.36,534.27,[31-inf],Cheap,0,0,1,0,1,(499-999]
2021-07-11,Central,Electrical system,10,29.69,296.88,[0-10],Medium cost,0,1,0,1,0,(99-499]
2021-07-11,Central,Suspension & traction,28,31.15,872.25,[21-30],Medium cost,0,0,1,0,1,(499-999]
2021-07-12,Central,Engine,9,64.02,576.14,[0-10],Expensive,0,1,0,1,0,(499-999]
2021-07-12,West,Suspension & traction,20,39.45,788.97,[11-20],Medium cost,0,0,1,0,1,(499-999]
2021-07-12,West,Breaking system,10,18.69,186.87,[0-10],Cheap,1,0,0,1,0,(99-499]
2021-07-12,North,Suspension & traction,3,38.35,115.04,[0-10],Medium cost,0,1,0,1,0,(99-499]
2021-07-12,West,Breaking system,10,23.2,232.0,[0-10],Cheap,0,1,0,1,0,(99-499]
2021-07-12,Central,Suspension & traction,3,37.84,113.52,[0-10],Medium cost,1,0,0,1,0,(99-499]
2021-07-12,North,Frame & body,4,49.13,196.51,[0-10],Expensive,0,1,0,1,0,(99-499]
2021-07-12,Central,Miscellaneous,40,26.2,1048.0,[31-inf],Cheap,0,0,1,0,1,(999-1499]
2021-07-13,North,Electrical system,5,24.49,122.46,[0-10],Cheap,0,1,0,1,0,(99-499]
2021-07-13,Central,Breaking system,8,24.14,193.16,[0-10],Cheap,0,1,0,1,0,(99-499]
2021-07-13,North,Electrical system,6,20.9,125.43,[0-10],Cheap,0,1,0,1,0,(99-499]
2021-07-13,North,Frame & body,2,45.27,90.54,[0-10],Medium cost,0,1,0,1,0,(0-99]
2021-07-13,Central,Electrical system,1,23.25,23.25,[0-10],Cheap,0,1,0,1,0,(0-99]
2021-07-13,Central,Miscellaneous,10,27.85,278.5,[0-10],Cheap,0,1,0,1,0,(99-499]
2021-07-13,West,Breaking system,4,17.06,68.23,[0-10],Cheap,0,0,1,0,1,(0-99]
2021-07-13,Central,Suspension & traction,40,35.06,1402.53,[31-inf],Medium cost,0,0,1,0,1,(999-1499]
2021-07-14,Central,Frame & body,4,36.7,146.79,[0-10],Medium cost,0,1,0,1,0,(99-499]
2021-07-14,Central,Breaking system,7,12.08,84.6,[0-10],Cheap,0,1,0,1,0,(0-99]
2021-07-14,North,Suspension & traction,4,30.38,121.5,[0-10],Medium cost,0,1,0,1,0,(99-499]
2021-07-14,West,Breaking system,8,23.83,190.64,[0-10],Cheap,0,0,1,0,1,(99-499]
2021-07-14,North,Electrical system,1,29.47,29.47,[0-10],Medium cost,1,0,0,1,0,(0-99]
2021-07-14,Central,Miscellaneous,8,15.81,126.49,[0-10],Cheap,0,0,1,0,1,(99-499]
2021-07-14,Central,Frame & body,6,35.62,213.69,[0-10],Medium cost,0,1,0,1,0,(99-499]
2021-07-14,Central,Breaking system,5,13.26,66.3,[0-10],Cheap,0,1,0,1,0,(0-99]
2021-07-15,West,Miscellaneous,8,29.9,239.16,[0-10],Medium cost,0,0,1,0,1,(99-499]
2021-07-15,North,Frame & body,3,40.78,122.32,[0-10],Medium cost,0,1,0,1,0,(99-499]
2021-07-15,Central,Frame & body,28,43.35,1213.71,[21-30],Medium cost,0,0,1,0,1,(999-1499]
2021-07-15,Central,Miscellaneous,40,17.94,717.73,[31-inf],Cheap,0,0,1,0,1,(499-999]
2021-07-15,North,Suspension & traction,8,41.59,332.75,[0-10],Medium cost,0,1,0,1,0,(99-499]
2021-07-15,Central,Electrical system,4,29.29,117.16,[0-10],Medium cost,0,1,0,1,0,(99-499]
2021-07-15,West,Engine,2,59.72,119.44,[0-10],Expensive,0,1,0,1,0,(99-499]
2021-07-15,North,Electrical system,1,31.88,31.88,[0-10],Medium cost,0,1,0,1,0,(0-99]
2021-07-16,West,Electrical system,8,22.27,178.19,[0-10],Cheap,0,1,0,1,0,(99-499]
2021-07-16,West,Breaking system,12,21.75,260.96,[11-20],Cheap,0,0,1,0,1,(99-499]
2021-07-16,West,Suspension & traction,1,41.47,41.47,[0-10],Medium cost,0,1,0,1,0,(0-99]
2021-07-16,Central,Miscellaneous,9,26.23,236.1,[0-10],Cheap,0,1,0,1,0,(99-499]
2021-07-16,West,Electrical system,10,22.13,221.33,[0-10],Cheap,0,1,0,1,0,(99-499]
2021-07-16,North,Miscellaneous,3,24.52,73.55,[0-10],Cheap,0,1,0,1,0,(0-99]
2021-07-16,Central,Breaking system,40,24.88,995.33,[31-inf],Cheap,0,0,1,0,1,(499-999]
2021-07-16,North,Suspension & traction,8,36.66,293.28,[0-10],Medium cost,0,1,0,1,0,(99-499]
2021-07-16,Central,Suspension & traction,9,39.71,357.38,[0-10],Medium cost,0,1,0,1,0,(99-499]
2021-07-16,North,Breaking system,3,16.99,50.97,[0-10],Cheap,0,1,0,1,0,(0-99]
2021-07-16,North,Breaking system,3,17.03,51.1,[0-10],Cheap,0,1,0,1,0,(0-99]
2021-07-16,Central,Frame & body,4,48.05,192.21,[0-10],Expensive,0,0,1,0,1,(99-499]
2021-07-16,Central,Engine,6,59.6,357.59,[0-10],Expensive,0,1,0,1,0,(99-499]
2021-07-16,Central,Electrical system,28,29.48,825.53,[21-30],Medium cost,0,0,1,0,1,(499-999]
2021-07-16,Central,Breaking system,7,20.47,143.31,[0-10],Cheap,0,1,0,1,0,(99-499]
2021-07-16,West,Electrical system,16,28.09,449.47,[11-20],Cheap,0,0,1,0,1,(99-499]
2021-07-16,Central,Suspension & traction,5,27.96,139.81,[0-10],Cheap,0,1,0,1,0,(99-499]
2021-07-16,West,Frame & body,3,37.46,112.37,[0-10],Medium cost,0,1,0,1,0,(99-499]
2021-07-16,North,Electrical system,6,19.21,115.26,[0-10],Cheap,0,1,0,1,0,(99-499]
2021-07-17,North,Miscellaneous,7,17.47,122.29,[0-10],Cheap,0,1,0,1,0,(99-499]
2021-07-17,Central,Suspension & traction,5,27.01,135.04,[0-10],Cheap,0,1,0,1,0,(99-499]
2021-07-17,Central,Breaking system,4,18.36,73.45,[0-10],Cheap,0,1,0,1,0,(0-99]
2021-07-17,Central,Frame & body,10,41.98,419.85,[0-10],Medium cost,0,1,0,1,0,(99-499]
2021-07-17,Central,Breaking system,1,23.56,23.56,[0-10],Cheap,0,1,0,1,0,(0-99]
2021-07-17,West,Breaking system,7,24.63,172.42,[0-10],Cheap,0,1,0,1,0,(99-499]
2021-07-17,Central,Breaking system,9,14.42,129.76,[0-10],Cheap,0,1,0,1,0,(99-499]
2021-07-17,West,Electrical system,6,24.62,147.71,[0-10],Cheap,1,0,0,1,0,(99-499]
2021-07-18,West,Miscellaneous,20,25.23,504.63,[11-20],Cheap,0,0,1,0,1,(499-999]
2021-07-18,North,Suspension & traction,8,39.8,318.39,[0-10],Medium cost,0,1,0,1,0,(99-499]
2021-07-18,North,Breaking system,3,15.9,47.69,[0-10],Cheap,0,1,0,1,0,(0-99]
2021-07-18,North,Electrical system,5,22.43,112.13,[0-10],Cheap,0,1,0,1,0,(99-499]
2021-07-18,Central,Suspension & traction,5,26.97,134.84,[0-10],Cheap,0,1,0,1,0,(99-499]
2021-07-18,North,Frame & body,9,49.68,447.14,[0-10],Expensive,0,1,0,1,0,(99-499]
2021-07-18,North,Breaking system,32,21.83,698.45,[31-inf],Cheap,0,0,1,0,1,(499-999]
2021-07-18,North,Electrical system,3,32.02,96.04,[0-10],Medium cost,0,1,0,1,0,(0-99]
2021-07-18,Central,Electrical system,6,31.24,187.45,[0-10],Medium cost,0,1,0,1,0,(99-499]
2021-07-18,West,Frame & body,7,44.66,312.65,[0-10],Medium cost,1,0,0,1,0,(99-499]
2021-07-18,Central,Frame & body,9,41.11,369.99,[0-10],Medium cost,0,1,0,1,0,(99-499]
2021-07-18,Central,Electrical system,8,22.62,180.99,[0-10],Cheap,0,1,0,1,0,(99-499]
2021-07-18,North,Breaking system,3,13.82,41.45,[0-10],Cheap,1,0,0,1,0,(0-99]
2021-07-19,West,Breaking system,3,23.37,70.11,[0-10],Cheap,1,0,0,1,0,(0-99]
2021-07-19,North,Suspension & traction,24,30.74,737.68,[21-30],Medium cost,0,0,1,0,1,(499-999]
2021-07-19,North,Breaking system,28,23.06,645.59,[21-30],Cheap,0,0,1,0,1,(499-999]
2021-07-19,Central,Electrical system,2,19.13,38.25,[0-10],Cheap,0,1,0,1,0,(0-99]
2021-07-19,North,Electrical system,4,27.08,108.32,[0-10],Cheap,0,0,1,0,1,(99-499]
2021-07-19,Central,Electrical system,4,26.82,107.3,[0-10],Cheap,0,0,1,0,1,(99-499]
2021-07-19,Central,Electrical system,16,24.01,384.19,[11-20],Cheap,0,0,1,0,1,(99-499]
2021-07-20,North,Breaking system,2,24.75,49.49,[0-10],Cheap,0,1,0,1,0,(0-99]
2021-07-20,North,Miscellaneous,36,29.78,1071.96,[31-inf],Medium cost,0,0,1,0,1,(999-1499]
2021-07-20,Central,Frame & body,7,44.01,308.09,[0-10],Medium cost,0,1,0,1,0,(99-499]
2021-07-20,Central,Suspension & traction,8,36.98,295.85,[0-10],Medium cost,1,0,0,1,0,(99-499]
2021-07-20,Central,Suspension & traction,9,37.94,341.44,[0-10],Medium cost,0,1,0,1,0,(99-499]
2021-07-20,Central,Breaking system,4,15.21,60.83,[0-10],Cheap,0,1,0,1,0,(0-99]
2021-07-20,North,Electrical system,36,28.26,1017.48,[31-inf],Cheap,0,0,1,0,1,(999-1499]
2021-07-20,West,Engine,8,53.63,429.07,[0-10],Expensive,0,1,0,1,0,(99-499]
2021-07-20,North,Engine,5,58.46,292.33,[0-10],Expensive,0,1,0,1,0,(99-499]
2021-07-21,Central,Engine,5,61.11,305.57,[0-10],Expensive,0,1,0,1,0,(99-499]
2021-07-21,Central,Miscellaneous,4,23.38,93.53,[0-10],Cheap,1,0,0,1,0,(0-99]
2021-07-21,West,Suspension & traction,4,39.38,157.51,[0-10],Medium cost,0,0,1,0,1,(99-499]
2021-07-21,North,Miscellaneous,5,28.72,143.58,[0-10],Cheap,0,1,0,1,0,(99-499]
2021-07-21,North,Suspension & traction,2,31.28,62.56,[0-10],Medium cost,0,1,0,1,0,(0-99]
2021-07-21,Central,Frame & body,40,38.66,1546.6,[31-inf],Medium cost,0,0,1,0,1,(1499-inf]
2021-07-21,Central,Miscellaneous,3,22.96,68.87,[0-10],Cheap,0,1,0,1,0,(0-99]
2021-07-21,North,Engine,10,55.39,553.87,[0-10],Expensive,0,1,0,1,0,(499-999]
2021-07-21,Central,Miscellaneous,10,19.98,199.83,[0-10],Cheap,0,1,0,1,0,(99-499]
2021-07-21,Central,Breaking system,12,17.47,209.68,[11-20],Cheap,0,0,1,0,1,(99-499]
2021-07-22,West,Breaking system,1,10.42,10.42,[0-10],Cheap,0,1,0,1,0,(0-99]
2021-07-22,West,Engine,5,63.94,319.72,[0-10],Expensive,0,1,0,1,0,(99-499]
2021-07-22,West,Frame & body,2,49.8,99.6,[0-10],Expensive,0,1,0,1,0,(99-499]
2021-07-22,Central,Breaking system,4,20.64,82.55,[0-10],Cheap,0,1,0,1,0,(0-99]
2021-07-22,North,Electrical system,3,32.44,97.32,[0-10],Medium cost,0,1,0,1,0,(0-99]
2021-07-22,Central,Engine,3,56.65,169.96,[0-10],Expensive,0,1,0,1,0,(99-499]
2021-07-23,West,Frame & body,7,49.25,344.74,[0-10],Expensive,0,1,0,1,0,(99-499]
2021-07-23,Central,Breaking system,5,14.96,74.79,[0-10],Cheap,0,1,0,1,0,(0-99]
2021-07-23,Central,Suspension & traction,3,36.49,109.48,[0-10],Medium cost,0,1,0,1,0,(99-499]
2021-07-23,Central,Breaking system,9,17.39,156.46,[0-10],Cheap,0,1,0,1,0,(99-499]
2021-07-23,Central,Breaking system,1,16.24,16.24,[0-10],Cheap,1,0,0,1,0,(0-99]
2021-07-23,North,Suspension & traction,10,27.9,279.03,[0-10],Cheap,0,1,0,1,0,(99-499]
2021-07-23,Central,Miscellaneous,1,18.4,18.4,[0-10],Cheap,0,1,0,1,0,(0-99]
2021-07-23,Central,Breaking system,10,11.25,112.48,[0-10],Cheap,0,1,0,1,0,(99-499]
2021-07-23,North,Suspension & traction,1,35.97,35.97,[0-10],Medium cost,0,1,0,1,0,(0-99]
2021-07-23,North,Frame & body,40,37.42,1496.6,[31-inf],Medium cost,0,0,1,0,1,(999-1499]
2021-07-23,Central,Suspension & traction,8,27.12,216.97,[0-10],Cheap,0,0,1,0,1,(99-499]
2021-07-24,Central,Electrical system,8,19.16,153.28,[0-10],Cheap,0,1,0,1,0,(99-499]
2021-07-24,West,Miscellaneous,4,26.73,106.91,[0-10],Cheap,1,0,0,1,0,(99-499]
2021-07-24,Central,Electrical system,4,19.66,78.65,[0-10],Cheap,0,1,0,1,0,(0-99]
2021-07-24,West,Miscellaneous,1,19.32,19.32,[0-10],Cheap,0,1,0,1,0,(0-99]
2021-07-24,Central,Miscellaneous,3,29.8,89.4,[0-10],Medium cost,1,0,0,1,0,(0-99]
2021-07-24,Central,Electrical system,9,29.26,263.38,[0-10],Medium cost,0,1,0,1,0,(99-499]
2021-07-24,North,Miscellaneous,4,25.58,102.31,[0-10],Cheap,0,1,0,1,0,(99-499]
2021-07-24,West,Frame & body,7,43.06,301.46,[0-10],Medium cost,0,1,0,1,0,(99-499]
2021-07-25,Central,Frame & body,6,42.99,257.95,[0-10],Medium cost,0,1,0,1,0,(99-499]
2021-07-25,North,Suspension & traction,10,31.71,317.1,[0-10],Medium cost,0,1,0,1,0,(99-499]
2021-07-25,West,Electrical system,5,18.36,91.8,[0-10],Cheap,1,0,0,1,0,(0-99]
2021-07-25,Central,Breaking system,2,22.3,44.59,[0-10],Cheap,0,1,0,1,0,(0-99]
2021-07-25,Central,Electrical system,10,20.79,207.9,[0-10],Cheap,0,1,0,1,0,(99-499]
2021-07-25,North,Suspension & traction,8,32.95,263.57,[0-10],Medium cost,0,0,1,0,1,(99-499]
2021-07-25,Central,Miscellaneous,8,17.74,141.91,[0-10],Cheap,1,0,0,1,0,(99-499]
2021-07-25,Central,Suspension & traction,10,37.26,372.6,[0-10],Medium cost,0,1,0,1,0,(99-499]
2021-07-25,Central,Suspension & traction,6,34.29,205.73,[0-10],Medium cost,0,1,0,1,0,(99-499]
2021-07-26,West,Electrical system,5,31.01,155.03,[0-10],Medium cost,0,1,0,1,0,(99-499]
2021-07-26,Central,Breaking system,5,24.02,120.11,[0-10],Cheap,0,1,0,1,0,(99-499]
2021-07-26,North,Miscellaneous,3,29.93,89.8,[0-10],Medium cost,0,1,0,1,0,(0-99]
2021-07-26,Central,Miscellaneous,4,23.81,95.23,[0-10],Cheap,0,1,0,1,0,(0-99]
2021-07-26,Central,Suspension & traction,1,31.62,31.62,[0-10],Medium cost,0,1,0,1,0,(0-99]
2021-07-26,North,Electrical system,6,28.14,168.84,[0-10],Cheap,0,1,0,1,0,(99-499]
2021-07-26,North,Frame & body,5,48.57,242.84,[0-10],Expensive,0,1,0,1,0,(99-499]
2021-07-26,North,Frame & body,1,43.95,43.95,[0-10],Medium cost,0,1,0,1,0,(0-99]
2021-07-26,North,Breaking system,4,20.51,82.03,[0-10],Cheap,0,1,0,1,0,(0-99]
2021-07-26,Central,Suspension & traction,5,38.67,193.37,[0-10],Medium cost,0,1,0,1,0,(99-499]
2021-07-26,North,Electrical system,3,27.53,82.59,[0-10],Cheap,0,1,0,1,0,(0-99]
2021-07-26,Central,Suspension & traction,10,33.8,337.98,[0-10],Medium cost,0,1,0,1,0,(99-499]
2021-07-26,Central,Frame & body,1,48.08,48.08,[0-10],Expensive,1,0,0,1,0,(0-99]
2021-07-26,Central,Engine,32,57.1,1827.04,[31-inf],Expensive,0,0,1,0,1,(1499-inf]
2021-07-26,Central,Miscellaneous,1,21.44,21.44,[0-10],Cheap,1,0,0,1,0,(0-99]
2021-07-26,Central,Electrical system,4,27.1,108.38,[0-10],Cheap,0,1,0,1,0,(99-499]
2021-07-27,Central,Frame & body,1,42.41,42.41,[0-10],Medium cost,0,1,0,1,0,(0-99]
2021-07-27,Central,Engine,6,66.62,399.71,[0-10],Expensive,0,1,0,1,0,(99-499]
2021-07-27,North,Electrical system,2,24.44,48.87,[0-10],Cheap,1,0,0,1,0,(0-99]
2021-07-27,Central,Suspension & traction,24,40.12,962.8,[21-30],Medium cost,0,0,1,0,1,(499-999]
2021-07-27,Central,Breaking system,2,24.98,49.96,[0-10],Cheap,0,1,0,1,0,(0-99]
2021-07-27,West,Breaking system,9,12.16,109.4,[0-10],Cheap,0,1,0,1,0,(99-499]
2021-07-27,North,Breaking system,1,17.58,17.58,[0-10],Cheap,0,1,0,1,0,(0-99]
2021-07-27,Central,Frame & body,4,49.26,197.03,[0-10],Expensive,0,1,0,1,0,(99-499]
2021-07-27,Central,Miscellaneous,24,17.77,426.4,[21-30],Cheap,0,0,1,0,1,(99-499]
2021-07-28,Central,Frame & body,5,44.54,222.72,[0-10],Medium cost,0,1,0,1,0,(99-499]
2021-07-28,North,Breaking system,8,11.91,95.31,[0-10],Cheap,0,0,1,0,1,(0-99]
2021-07-28,Central,Engine,10,52.25,522.5,[0-10],Expensive,0,1,0,1,0,(499-999]
2021-07-28,West,Suspension & traction,1,41.62,41.62,[0-10],Medium cost,0,1,0,1,0,(0-99]
2021-07-28,North,Breaking system,9,21.32,191.9,[0-10],Cheap,0,1,0,1,0,(99-499]
2021-07-28,West,Miscellaneous,8,29.08,232.63,[0-10],Medium cost,1,0,0,1,0,(99-499]
2021-07-28,Central,Electrical system,6,29.5,176.99,[0-10],Medium cost,0,1,0,1,0,(99-499]
2021-07-28,Central,Breaking system,10,11.63,116.28,[0-10],Cheap,0,1,0,1,0,(99-499]
2021-07-28,Central,Breaking system,3,17.07,51.21,[0-10],Cheap,0,1,0,1,0,(0-99]
2021-07-28,North,Miscellaneous,10,25.74,257.4,[0-10],Cheap,0,1,0,1,0,(99-499]
2021-07-28,North,Suspension & traction,28,40.43,1132.13,[21-30],Medium cost,0,0,1,0,1,(999-1499]
2021-07-28,Central,Electrical system,36,26.12,940.14,[31-inf],Cheap,0,0,1,0,1,(499-999]
2021-07-28,North,Breaking system,10,11.48,114.75,[0-10],Cheap,0,1,0,1,0,(99-499]
2021-07-28,West,Engine,7,64.31,450.18,[0-10],Expensive,0,1,0,1,0,(99-499]
2021-07-29,Central,Breaking system,10,15.18,151.82,[0-10],Cheap,0,1,0,1,0,(99-499]
2021-07-29,Central,Suspension & traction,8,39.33,314.64,[0-10],Medium cost,0,1,0,1,0,(99-499]
2021-07-29,North,Miscellaneous,24,26.77,642.48,[21-30],Cheap,0,0,1,0,1,(499-999]
2021-07-29,North,Electrical system,3,26.0,78.0,[0-10],Cheap,0,1,0,1,0,(0-99]
2021-07-29,West,Breaking system,8,23.87,190.93,[0-10],Cheap,0,0,1,0,1,(99-499]
2021-07-29,Central,Electrical system,1,26.72,26.72,[0-10],Cheap,1,0,0,1,0,(0-99]
2021-07-30,North,Suspension & traction,2,30.79,61.58,[0-10],Medium cost,0,1,0,1,0,(0-99]
2021-07-30,Central,Electrical system,3,19.14,57.41,[0-10],Cheap,0,1,0,1,0,(0-99]
2021-07-30,North,Electrical system,10,24.25,242.47,[0-10],Cheap,0,1,0,1,0,(99-499]
2021-07-30,Central,Electrical system,2,28.25,56.5,[0-10],Cheap,0,1,0,1,0,(0-99]
2021-07-30,Central,Suspension & traction,3,29.58,88.75,[0-10],Medium cost,0,1,0,1,0,(0-99]
2021-07-30,Central,Breaking system,28,21.88,612.78,[21-30],Cheap,0,0,1,0,1,(499-999]
2021-07-30,Central,Miscellaneous,1,22.29,22.29,[0-10],Cheap,1,0,0,1,0,(0-99]
2021-07-30,North,Breaking system,4,12.05,48.21,[0-10],Cheap,0,1,0,1,0,(0-99]
2021-07-30,Central,Breaking system,9,21.42,192.82,[0-10],Cheap,0,1,0,1,0,(99-499]
2021-07-30,West,Miscellaneous,16,25.82,413.04,[11-20],Cheap,0,0,1,0,1,(99-499]
2021-07-31,Central,Suspension & traction,5,27.2,136.02,[0-10],Cheap,1,0,0,1,0,(99-499]
2021-07-31,North,Frame & body,2,39.91,79.82,[0-10],Medium cost,0,1,0,1,0,(0-99]
2021-07-31,West,Frame & body,7,45.66,319.64,[0-10],Medium cost,0,1,0,1,0,(99-499]
2021-07-31,Central,Suspension & traction,10,41.23,412.3,[0-10],Medium cost,0,1,0,1,0,(99-499]
2021-07-31,Central,Suspension & traction,36,29.5,1062.0,[31-inf],Medium cost,0,0,1,0,1,(999-1499]
2021-07-31,West,Frame & body,2,35.73,71.46,[0-10],Medium cost,0,1,0,1,0,(0-99]
2021-07-31,Central,Suspension & traction,9,39.73,357.58,[0-10],Medium cost,0,1,0,1,0,(99-499]
2021-07-31,Central,Engine,3,62.23,186.7,[0-10],Expensive,0,1,0,1,0,(99-499]
2021-07-31,Central,Frame & body,10,42.42,424.25,[0-10],Medium cost,1,0,0,1,0,(99-499]
2021-07-31,North,Miscellaneous,4,24.42,97.68,[0-10],Cheap,0,1,0,1,0,(0-99]
2021-07-31,Central,Frame & body,2,37.55,75.1,[0-10],Medium cost,0,1,0,1,0,(0-99]
2021-07-31,Central,Suspension & traction,9,41.62,374.6,[0-10],Medium cost,0,1,0,1,0,(99-499]
2021-07-31,Central,Suspension & traction,2,31.38,62.76,[0-10],Medium cost,0,1,0,1,0,(0-99]
2021-07-31,North,Frame & body,12,48.1,577.26,[11-20],Expensive,0,0,1,0,1,(499-999]
2021-07-31,West,Breaking system,3,12.84,38.51,[0-10],Cheap,0,1,0,1,0,(0-99]
2021-07-31,Central,Electrical system,12,21.04,252.52,[11-20],Cheap,0,0,1,0,1,(99-499]
2021-07-31,Central,Breaking system,20,23.75,474.97,[11-20],Cheap,0,0,1,0,1,(99-499]
2021-07-31,Central,Electrical system,7,30.93,216.53,[0-10],Medium cost,0,1,0,1,0,(99-499]
2021-08-01,West,Electrical system,32,21.7,694.4,[31-inf],Cheap,0,0,1,0,1,(499-999]
2021-08-01,West,Electrical system,5,25.32,126.6,[0-10],Cheap,0,1,0,1,0,(99-499]
2021-08-01,North,Electrical system,7,21.49,150.44,[0-10],Cheap,0,1,0,1,0,(99-499]
2021-08-01,North,Breaking system,1,16.07,16.07,[0-10],Cheap,0,1,0,1,0,(0-99]
2021-08-01,West,Suspension & traction,8,28.48,227.8,[0-10],Cheap,0,1,0,1,0,(99-499]
2021-08-01,Central,Electrical system,40,30.33,1213.13,[31-inf],Medium cost,0,0,1,0,1,(999-1499]
2021-08-01,North,Engine,1,54.17,54.17,[0-10],Expensive,0,1,0,1,0,(0-99]
2021-08-01,Central,Suspension & traction,8,30.02,240.16,[0-10],Medium cost,1,0,0,1,0,(99-499]
2021-08-01,Central,Breaking system,40,20.51,820.33,[31-inf],Cheap,0,0,1,0,1,(499-999]
2021-08-01,West,Suspension & traction,8,32.34,258.68,[0-10],Medium cost,1,0,0,1,0,(99-499]
2021-08-01,North,Suspension & traction,7,32.72,229.05,[0-10],Medium cost,0,1,0,1,0,(99-499]
2021-08-01,Central,Suspension & traction,8,40.75,325.99,[0-10],Medium cost,0,1,0,1,0,(99-499]
2021-08-01,North,Breaking system,8,12.03,96.23,[0-10],Cheap,0,1,0,1,0,(0-99]
2021-08-01,West,Electrical system,6,24.42,146.53,[0-10],Cheap,1,0,0,1,0,(99-499]
2021-08-02,North,Suspension & traction,9,30.55,274.95,[0-10],Medium cost,1,0,0,1,0,(99-499]
2021-08-02,Central,Miscellaneous,8,29.78,238.27,[0-10],Medium cost,0,1,0,1,0,(99-499]
2021-08-02,North,Miscellaneous,4,25.78,103.11,[0-10],Cheap,0,1,0,1,0,(99-499]
2021-08-02,North,Breaking system,36,16.49,593.76,[31-inf],Cheap,0,0,1,0,1,(499-999]
2021-08-02,North,Engine,3,61.45,184.36,[0-10],Expensive,0,1,0,1,0,(99-499]
2021-08-02,North,Frame & body,7,35.39,247.73,[0-10],Medium cost,0,1,0,1,0,(99-499]
2021-08-02,Central,Suspension & traction,9,28.21,253.86,[0-10],Cheap,0,1,0,1,0,(99-499]
2021-08-02,North,Engine,40,58.1,2324.2,[31-inf],Expensive,0,0,1,0,1,(1499-inf]
2021-08-02,North,Electrical system,5,19.1,95.52,[0-10],Cheap,0,1,0,1,0,(0-99]
2021-08-02,North,Suspension & traction,4,34.42,137.69,[0-10],Medium cost,0,1,0,1,0,(99-499]
2021-08-02,North,Electrical system,24,33.3,799.32,[21-30],Medium cost,0,0,1,0,1,(499-999]
2021-08-02,Central,Suspension & traction,1,30.04,30.04,[0-10],Medium cost,0,1,0,1,0,(0-99]
2021-08-03,Central,Miscellaneous,40,26.38,1055.4,[31-inf],Cheap,0,0,1,0,1,(999-1499]
2021-08-03,North,Suspension & traction,3,38.05,114.16,[0-10],Medium cost,1,0,0,1,0,(99-499]
2021-08-03,Central,Electrical system,8,20.89,167.09,[0-10],Cheap,0,1,0,1,0,(99-499]
2021-08-03,West,Suspension & traction,40,27.02,1080.8,[31-inf],Cheap,0,0,1,0,1,(999-1499]
2021-08-03,Central,Suspension & traction,8,40.91,327.28,[0-10],Medium cost,0,1,0,1,0,(99-499]
2021-08-03,Central,Miscellaneous,12,21.42,257.04,[11-20],Cheap,0,0,1,0,1,(99-499]
2021-08-03,West,Frame & body,7,47.18,330.24,[0-10],Medium cost,0,1,0,1,0,(99-499]
2021-08-03,Central,Miscellaneous,12,16.35,196.16,[11-20],Cheap,0,0,1,0,1,(99-499]
2021-08-03,Central,Breaking system,5,15.7,78.52,[0-10],Cheap,0,1,0,1,0,(0-99]
2021-08-03,Central,Engine,28,59.33,1661.19,[21-30],Expensive,0,0,1,0,1,(1499-inf]
2021-08-03,North,Breaking system,2,21.98,43.97,[0-10],Cheap,0,1,0,1,0,(0-99]
2021-08-03,Central,Breaking system,5,11.99,59.95,[0-10],Cheap,0,1,0,1,0,(0-99]
2021-08-03,Central,Electrical system,3,31.33,93.99,[0-10],Medium cost,0,1,0,1,0,(0-99]
2021-08-03,Central,Suspension & traction,6,38.78,232.7,[0-10],Medium cost,0,1,0,1,0,(99-499]
2021-08-03,Central,Engine,28,60.88,1704.78,[21-30],Expensive,0,0,1,0,1,(1499-inf]
2021-08-03,Central,Frame & body,10,44.96,449.57,[0-10],Medium cost,0,1,0,1,0,(99-499]
2021-08-03,Central,Electrical system,24,23.51,564.24,[21-30],Cheap,0,0,1,0,1,(499-999]
2021-08-04,Central,Frame & body,5,44.57,222.86,[0-10],Medium cost,0,1,0,1,0,(99-499]
2021-08-04,Central,Miscellaneous,7,23.68,165.76,[0-10],Cheap,0,1,0,1,0,(99-499]
2021-08-04,Central,Suspension & traction,5,29.73,148.65,[0-10],Medium cost,0,1,0,1,0,(99-499]
2021-08-04,Central,Frame & body,36,39.55,1423.92,[31-inf],Medium cost,0,0,1,0,1,(999-1499]
2021-08-04,Central,Breaking system,8,16.65,133.23,[0-10],Cheap,0,0,1,0,1,(99-499]
2021-08-04,North,Electrical system,36,20.25,729.0,[31-inf],Cheap,0,0,1,0,1,(499-999]
2021-08-04,West,Suspension & traction,1,31.17,31.17,[0-10],Medium cost,0,1,0,1,0,(0-99]
2021-08-04,North,Frame & body,6,48.69,292.13,[0-10],Expensive,0,1,0,1,0,(99-499]
2021-08-04,Central,Suspension & traction,8,36.98,295.81,[0-10],Medium cost,0,1,0,1,0,(99-499]
2021-08-04,North,Frame & body,40,35.97,1438.73,[31-inf],Medium cost,0,0,1,0,1,(999-1499]
2021-08-04,North,Electrical system,1,29.96,29.96,[0-10],Medium cost,1,0,0,1,0,(0-99]
2021-08-05,North,Suspension & traction,16,29.72,475.49,[11-20],Medium cost,0,0,1,0,1,(99-499]
2021-08-05,Central,Suspension & traction,2,27.69,55.39,[0-10],Cheap,1,0,0,1,0,(0-99]
2021-08-05,Central,Suspension & traction,4,39.01,156.05,[0-10],Medium cost,0,1,0,1,0,(99-499]
2021-08-05,Central,Suspension & traction,5,33.38,166.9,[0-10],Medium cost,0,1,0,1,0,(99-499]
2021-08-05,Central,Suspension & traction,6,28.7,172.21,[0-10],Cheap,0,1,0,1,0,(99-499]
2021-08-05,Central,Breaking system,2,24.97,49.93,[0-10],Cheap,0,1,0,1,0,(0-99]
2021-08-05,North,Electrical system,9,19.26,173.32,[0-10],Cheap,0,1,0,1,0,(99-499]
2021-08-05,North,Suspension & traction,1,41.32,41.32,[0-10],Medium cost,0,1,0,1,0,(0-99]
2021-08-05,Central,Breaking system,4,11.08,44.3,[0-10],Cheap,0,1,0,1,0,(0-99]
2021-08-06,Central,Electrical system,6,30.22,181.3,[0-10],Medium cost,0,1,0,1,0,(99-499]
2021-08-06,North,Electrical system,1,32.86,32.86,[0-10],Medium cost,1,0,0,1,0,(0-99]
2021-08-06,North,Suspension & traction,6,30.67,183.99,[0-10],Medium cost,0,1,0,1,0,(99-499]
2021-08-06,Central,Breaking system,2,15.55,31.09,[0-10],Cheap,0,1,0,1,0,(0-99]
2021-08-06,Central,Miscellaneous,5,16.27,81.36,[0-10],Cheap,0,1,0,1,0,(0-99]
2021-08-06,West,Electrical system,6,24.38,146.26,[0-10],Cheap,0,1,0,1,0,(99-499]
2021-08-06,Central,Miscellaneous,4,16.17,64.69,[0-10],Cheap,0,1,0,1,0,(0-99]
2021-08-06,Central,Breaking system,10,14.59,145.92,[0-10],Cheap,0,1,0,1,0,(99-499]
2021-08-06,West,Electrical system,5,19.21,96.07,[0-10],Cheap,0,1,0,1,0,(0-99]
2021-08-06,North,Suspension & traction,40,40.11,1604.33,[31-inf],Medium cost,0,0,1,0,1,(1499-inf]
2021-08-06,North,Breaking system,5,18.63,93.14,[0-10],Cheap,0,1,0,1,0,(0-99]
2021-08-07,Central,Frame & body,9,49.99,449.94,[0-10],Expensive,0,1,0,1,0,(99-499]
2021-08-07,West,Breaking system,36,24.83,893.82,[31-inf],Cheap,0,0,1,0,1,(499-999]
2021-08-07,Central,Electrical system,4,32.33,129.31,[0-10],Medium cost,0,1,0,1,0,(99-499]
2021-08-07,North,Engine,4,58.62,234.47,[0-10],Expensive,0,1,0,1,0,(99-499]
2021-08-07,Central,Breaking system,32,17.74,567.84,[31-inf],Cheap,0,0,1,0,1,(499-999]
2021-08-07,West,Suspension & traction,6,37.65,225.91,[0-10],Medium cost,0,1,0,1,0,(99-499]
2021-08-07,North,Breaking system,8,24.55,196.39,[0-10],Cheap,0,1,0,1,0,(99-499]
2021-08-07,Central,Breaking system,7,24.26,169.8,[0-10],Cheap,0,1,0,1,0,(99-499]
2021-08-07,Central,Suspension & traction,28,33.7,943.51,[21-30],Medium cost,0,0,1,0,1,(499-999]
2021-08-07,Central,Suspension & traction,4,29.25,117.01,[0-10],Medium cost,0,1,0,1,0,(99-499]
2021-08-07,North,Miscellaneous,20,29.96,599.27,[11-20],Medium cost,0,0,1,0,1,(499-999]
2021-08-07,West,Frame & body,20,41.48,829.7,[11-20],Medium cost,0,0,1,0,1,(499-999]
2021-08-07,North,Frame & body,2,43.48,86.96,[0-10],Medium cost,0,1,0,1,0,(0-99]
2021-08-07,North,Frame & body,10,42.04,420.43,[0-10],Medium cost,0,1,0,1,0,(99-499]
2021-08-07,North,Electrical system,10,25.32,253.23,[0-10],Cheap,1,0,0,1,0,(99-499]
2021-08-07,Central,Breaking system,1,11.05,11.05,[0-10],Cheap,0,1,0,1,0,(0-99]
2021-08-08,North,Suspension & traction,7,40.62,284.3,[0-10],Medium cost,0,1,0,1,0,(99-499]
2021-08-08,Central,Engine,40,63.66,2546.33,[31-inf],Expensive,0,0,1,0,1,(1499-inf]
2021-08-08,Central,Breaking system,3,17.89,53.67,[0-10],Cheap,0,1,0,1,0,(0-99]
2021-08-08,Central,Miscellaneous,7,16.37,114.59,[0-10],Cheap,0,1,0,1,0,(99-499]
2021-08-08,North,Frame & body,3,37.64,112.92,[0-10],Medium cost,0,1,0,1,0,(99-499]
2021-08-08,North,Miscellaneous,28,15.02,420.61,[21-30],Cheap,0,0,1,0,1,(99-499]
2021-08-08,West,Breaking system,3,15.96,47.87,[0-10],Cheap,0,1,0,1,0,(0-99]
2021-08-08,Central,Suspension & traction,36,30.96,1114.74,[31-inf],Medium cost,0,0,1,0,1,(999-1499]
2021-08-08,North,Electrical system,2,26.34,52.68,[0-10],Cheap,0,1,0,1,0,(0-99]
2021-08-08,North,Frame & body,5,43.77,218.85,[0-10],Medium cost,0,1,0,1,0,(99-499]
2021-08-08,North,Breaking system,2,22.95,45.89,[0-10],Cheap,0,1,0,1,0,(0-99]
2021-08-08,Central,Suspension & traction,1,29.24,29.24,[0-10],Medium cost,0,1,0,1,0,(0-99]
2021-08-09,Central,Miscellaneous,6,21.13,126.77,[0-10],Cheap,1,0,0,1,0,(99-499]
2021-08-09,North,Suspension & traction,8,35.57,284.56,[0-10],Medium cost,0,1,0,1,0,(99-499]
2021-08-09,Central,Frame & body,7,39.09,273.65,[0-10],Medium cost,0,1,0,1,0,(99-499]
2021-08-09,North,Suspension & traction,5,29.72,148.6,[0-10],Medium cost,0,1,0,1,0,(99-499]
2021-08-09,Central,Electrical system,5,22.42,112.08,[0-10],Cheap,0,1,0,1,0,(99-499]
2021-08-09,North,Electrical system,28,28.16,788.34,[21-30],Cheap,0,0,1,0,1,(499-999]
2021-08-09,Central,Suspension & traction,2,31.72,63.43,[0-10],Medium cost,0,1,0,1,0,(0-99]
2021-08-09,North,Electrical system,2,26.63,53.26,[0-10],Cheap,0,1,0,1,0,(0-99]
2021-08-09,North,Breaking system,4,24.11,96.45,[0-10],Cheap,0,1,0,1,0,(0-99]
2021-08-09,Central,Frame & body,28,38.27,1071.51,[21-30],Medium cost,0,0,1,0,1,(999-1499]
2021-08-09,West,Electrical system,7,21.61,151.28,[0-10],Cheap,0,1,0,1,0,(99-499]
2021-08-10,Central,Suspension & traction,7,31.79,222.52,[0-10],Medium cost,0,1,0,1,0,(99-499]
2021-08-10,North,Frame & body,28,49.73,1392.53,[21-30],Expensive,0,0,1,0,1,(999-1499]
2021-08-10,North,Electrical system,4,24.61,98.45,[0-10],Cheap,0,1,0,1,0,(0-99]
2021-08-10,Central,Engine,36,60.73,2186.16,[31-inf],Expensive,0,0,1,0,1,(1499-inf]
2021-08-10,West,Breaking system,16,24.04,384.69,[11-20],Cheap,0,0,1,0,1,(99-499]
2021-08-10,West,Miscellaneous,7,22.51,157.55,[0-10],Cheap,0,1,0,1,0,(99-499]
2021-08-10,Central,Electrical system,12,18.43,221.18,[11-20],Cheap,0,0,1,0,1,(99-499]
2021-08-10,Central,Engine,4,56.5,226.01,[0-10],Expensive,0,0,1,0,1,(99-499]
2021-08-10,Central,Electrical system,4,23.58,94.33,[0-10],Cheap,0,1,0,1,0,(0-99]
2021-08-10,Central,Suspension & traction,4,32.7,130.81,[0-10],Medium cost,0,1,0,1,0,(99-499]
2021-08-10,West,Electrical system,6,21.77,130.61,[0-10],Cheap,0,1,0,1,0,(99-499]
2021-08-10,Central,Frame & body,4,49.62,198.49,[0-10],Expensive,0,1,0,1,0,(99-499]
2021-08-11,Central,Breaking system,16,14.72,235.47,[11-20],Cheap,0,0,1,0,1,(99-499]
2021-08-11,Central,Frame & body,2,45.48,90.96,[0-10],Medium cost,0,1,0,1,0,(0-99]
2021-08-11,North,Breaking system,5,17.38,86.89,[0-10],Cheap,0,1,0,1,0,(0-99]
2021-08-11,North,Miscellaneous,7,20.96,146.76,[0-10],Cheap,0,1,0,1,0,(99-499]
2021-08-11,Central,Suspension & traction,8,35.65,285.21,[0-10],Medium cost,1,0,0,1,0,(99-499]
2021-08-11,North,Electrical system,10,19.31,193.12,[0-10],Cheap,0,1,0,1,0,(99-499]
2021-08-11,West,Breaking system,8,10.36,82.92,[0-10],Cheap,0,1,0,1,0,(0-99]
2021-08-11,Central,Breaking system,2,14.12,28.23,[0-10],Cheap,0,1,0,1,0,(0-99]
2021-08-11,Central,Engine,10,53.02,530.18,[0-10],Expensive,0,1,0,1,0,(499-999]
2021-08-11,West,Breaking system,1,17.75,17.75,[0-10],Cheap,0,1,0,1,0,(0-99]
2021-08-12,North,Breaking system,8,12.25,97.97,[0-10],Cheap,0,0,1,0,1,(0-99]
2021-08-12,Central,Frame & body,1,40.48,40.48,[0-10],Medium cost,1,0,0,1,0,(0-99]
2021-08-12,Central,Suspension & traction,4,30.91,123.65,[0-10],Medium cost,0,1,0,1,0,(99-499]
2021-08-12,North,Frame & body,36,49.58,1784.88,[31-inf],Expensive,0,0,1,0,1,(1499-inf]
2021-08-12,Central,Breaking system,28,17.45,488.74,[21-30],Cheap,0,0,1,0,1,(99-499]
2021-08-12,North,Electrical system,7,33.26,232.81,[0-10],Medium cost,0,1,0,1,0,(99-499]
2021-08-12,Central,Suspension & traction,6,36.68,220.11,[0-10],Medium cost,0,1,0,1,0,(99-499]
2021-08-12,Central,Frame & body,24,39.2,940.88,[21-30],Medium cost,0,0,1,0,1,(499-999]
2021-08-12,West,Suspension & traction,7,29.64,207.49,[0-10],Medium cost,0,1,0,1,0,(99-499]
2021-08-12,Central,Electrical system,9,25.22,226.98,[0-10],Cheap,0,1,0,1,0,(99-499]
2021-08-12,Central,Breaking system,10,18.27,182.68,[0-10],Cheap,0,1,0,1,0,(99-499]
2021-08-12,Central,Miscellaneous,8,22.2,177.61,[0-10],Cheap,0,1,0,1,0,(99-499]
2021-08-12,Central,Breaking system,4,12.05,48.21,[0-10],Cheap,0,1,0,1,0,(0-99]
2021-08-12,Central,Suspension & traction,9,28.6,257.37,[0-10],Cheap,0,1,0,1,0,(99-499]
2021-08-12,North,Electrical system,3,19.28,57.84,[0-10],Cheap,0,1,0,1,0,(0-99]
2021-08-12,West,Electrical system,5,31.32,156.59,[0-10],Medium cost,0,1,0,1,0,(99-499]
2021-08-12,Central,Engine,10,63.76,637.63,[0-10],Expensive,0,1,0,1,0,(499-999]
2021-08-12,West,Breaking system,10,21.26,212.6,[0-10],Cheap,0,1,0,1,0,(99-499]
2021-08-13,Central,Frame & body,32,48.42,1549.49,[31-inf],Expensive,0,0,1,0,1,(1499-inf]
2021-08-13,Central,Electrical system,4,26.25,104.99,[0-10],Cheap,0,1,0,1,0,(99-499]
2021-08-13,Central,Electrical system,1,32.13,32.13,[0-10],Medium cost,1,0,0,1,0,(0-99]
2021-08-13,North,Electrical system,9,20.82,187.34,[0-10],Cheap,1,0,0,1,0,(99-499]
2021-08-13,North,Engine,2,66.1,132.19,[0-10],Expensive,0,1,0,1,0,(99-499]
2021-08-13,North,Breaking system,40,11.61,464.4,[31-inf],Cheap,0,0,1,0,1,(99-499]
2021-08-13,Central,Suspension & traction,8,35.88,287.01,[0-10],Medium cost,0,1,0,1,0,(99-499]
2021-08-13,Central,Frame & body,12,49.47,593.6,[11-20],Expensive,0,0,1,0,1,(499-999]
2021-08-13,Central,Breaking system,2,12.86,25.73,[0-10],Cheap,0,1,0,1,0,(0-99]
2021-08-13,Central,Suspension & traction,9,27.26,245.38,[0-10],Cheap,0,1,0,1,0,(99-499]
2021-08-13,Central,Engine,8,51.79,414.33,[0-10],Expensive,0,1,0,1,0,(99-499]
2021-08-13,Central,Suspension & traction,2,30.53,61.07,[0-10],Medium cost,0,1,0,1,0,(0-99]
2021-08-14,Central,Frame & body,10,39.06,390.62,[0-10],Medium cost,0,1,0,1,0,(99-499]
2021-08-14,Central,Miscellaneous,9,27.97,251.7,[0-10],Cheap,0,1,0,1,0,(99-499]
2021-08-14,West,Breaking system,4,24.54,98.17,[0-10],Cheap,0,1,0,1,0,(0-99]
2021-08-14,North,Frame & body,8,45.42,363.33,[0-10],Medium cost,0,1,0,1,0,(99-499]
2021-08-14,North,Miscellaneous,5,23.94,119.68,[0-10],Cheap,1,0,0,1,0,(99-499]
2021-08-14,Central,Frame & body,1,45.83,45.83,[0-10],Medium cost,0,1,0,1,0,(0-99]
2021-08-14,Central,Suspension & traction,4,40.94,163.76,[0-10],Medium cost,0,1,0,1,0,(99-499]
2021-08-14,North,Suspension & traction,4,28.96,115.83,[0-10],Medium cost,0,1,0,1,0,(99-499]
2021-08-14,West,Electrical system,8,19.23,153.83,[0-10],Cheap,0,0,1,0,1,(99-499]
2021-08-15,West,Miscellaneous,1,17.1,17.1,[0-10],Cheap,0,1,0,1,0,(0-99]
2021-08-15,Central,Frame & body,6,42.42,254.51,[0-10],Medium cost,0,1,0,1,0,(99-499]
2021-08-15,North,Suspension & traction,4,37.91,151.65,[0-10],Medium cost,0,1,0,1,0,(99-499]
2021-08-15,Central,Breaking system,40,14.2,567.93,[31-inf],Cheap,0,0,1,0,1,(499-999]
2021-08-15,North,Frame & body,40,46.15,1846.13,[31-inf],Medium cost,0,0,1,0,1,(1499-inf]
2021-08-15,Central,Suspension & traction,9,26.88,241.92,[0-10],Cheap,0,1,0,1,0,(99-499]
2021-08-16,West,Suspension & traction,10,29.76,297.55,[0-10],Medium cost,0,1,0,1,0,(99-499]
2021-08-16,West,Breaking system,4,23.66,94.65,[0-10],Cheap,0,0,1,0,1,(0-99]
2021-08-16,Central,Suspension & traction,3,32.35,97.06,[0-10],Medium cost,0,1,0,1,0,(0-99]
2021-08-16,Central,Breaking system,4,16.91,67.65,[0-10],Cheap,0,0,1,0,1,(0-99]
2021-08-16,North,Frame & body,5,38.88,194.38,[0-10],Medium cost,0,1,0,1,0,(99-499]
2021-08-16,Central,Suspension & traction,3,41.62,124.85,[0-10],Medium cost,0,1,0,1,0,(99-499]
2021-08-16,North,Electrical system,4,25.2,100.79,[0-10],Cheap,0,1,0,1,0,(99-499]
2021-08-17,North,Miscellaneous,8,27.22,217.79,[0-10],Cheap,0,0,1,0,1,(99-499]
2021-08-17,North,Breaking system,9,21.07,189.6,[0-10],Cheap,0,1,0,1,0,(99-499]
2021-08-17,Central,Breaking system,8,12.57,100.56,[0-10],Cheap,0,1,0,1,0,(99-499]
2021-08-17,Central,Suspension & traction,32,39.76,1272.27,[31-inf],Medium cost,0,0,1,0,1,(999-1499]
2021-08-17,North,Breaking system,1,10.92,10.92,[0-10],Cheap,0,1,0,1,0,(0-99]
2021-08-17,Central,Electrical system,1,24.37,24.37,[0-10],Cheap,0,1,0,1,0,(0-99]
2021-08-17,West,Breaking system,10,22.1,221.05,[0-10],Cheap,0,1,0,1,0,(99-499]
2021-08-17,West,Frame & body,9,49.87,448.86,[0-10],Expensive,0,1,0,1,0,(99-499]
2021-08-17,North,Suspension & traction,4,28.88,115.53,[0-10],Cheap,0,1,0,1,0,(99-499]
2021-08-17,North,Electrical system,9,29.18,262.59,[0-10],Medium cost,0,1,0,1,0,(99-499]
2021-08-17,Central,Suspension & traction,16,31.47,503.49,[11-20],Medium cost,0,0,1,0,1,(499-999]
2021-08-17,West,Electrical system,4,27.69,110.76,[0-10],Cheap,0,1,0,1,0,(99-499]
2021-08-17,Central,Electrical system,7,21.72,152.07,[0-10],Cheap,0,1,0,1,0,(99-499]
2021-08-17,West,Suspension & traction,4,37.59,150.35,[0-10],Medium cost,0,1,0,1,0,(99-499]
2021-08-17,Central,Electrical system,2,21.1,42.2,[0-10],Cheap,1,0,0,1,0,(0-99]
2021-08-17,North,Suspension & traction,5,30.45,152.26,[0-10],Medium cost,0,1,0,1,0,(99-499]
2021-08-18,West,Suspension & traction,6,38.86,233.17,[0-10],Medium cost,0,1,0,1,0,(99-499]
2021-08-18,Central,Frame & body,8,45.99,367.89,[0-10],Medium cost,0,1,0,1,0,(99-499]
2021-08-18,Central,Breaking system,2,24.88,49.75,[0-10],Cheap,0,1,0,1,0,(0-99]
2021-08-18,North,Frame & body,9,39.79,358.08,[0-10],Medium cost,0,1,0,1,0,(99-499]
2021-08-18,West,Frame & body,5,37.54,187.71,[0-10],Medium cost,0,1,0,1,0,(99-499]
2021-08-18,North,Electrical system,24,29.08,698.04,[21-30],Medium cost,0,0,1,0,1,(499-999]
2021-08-18,Central,Breaking system,3,11.81,35.44,[0-10],Cheap,0,1,0,1,0,(0-99]
2021-08-18,North,Breaking system,4,23.6,94.41,[0-10],Cheap,0,0,1,0,1,(0-99]
2021-08-18,West,Breaking system,40,20.16,806.6,[31-inf],Cheap,0,0,1,0,1,(499-999]
2021-08-18,Central,Suspension & traction,5,40.39,201.97,[0-10],Medium cost,0,1,0,1,0,(99-499]
2021-08-18,Central,Miscellaneous,3,26.65,79.96,[0-10],Cheap,0,1,0,1,0,(0-99]
2021-08-18,North,Miscellaneous,2,20.54,41.08,[0-10],Cheap,0,1,0,1,0,(0-99]
2021-08-18,Central,Breaking system,1,13.94,13.94,[0-10],Cheap,0,1,0,1,0,(0-99]
2021-08-18,North,Suspension & traction,9,40.66,365.94,[0-10],Medium cost,1,0,0,1,0,(99-499]
2021-08-18,North,Frame & body,10,40.67,406.7,[0-10],Medium cost,1,0,0,1,0,(99-499]
2021-08-19,North,Suspension & traction,36,30.64,1103.04,[31-inf],Medium cost,0,0,1,0,1,(999-1499]
2021-08-19,West,Breaking system,6,17.88,107.29,[0-10],Cheap,0,1,0,1,0,(99-499]
2021-08-19,North,Suspension & traction,8,40.0,320.03,[0-10],Medium cost,0,1,0,1,0,(99-499]
2021-08-19,North,Suspension & traction,3,29.41,88.24,[0-10],Medium cost,0,1,0,1,0,(0-99]
2021-08-19,North,Electrical system,5,21.41,107.04,[0-10],Cheap,0,1,0,1,0,(99-499]
2021-08-19,Central,Frame & body,16,41.58,665.31,[11-20],Medium cost,0,0,1,0,1,(499-999]
2021-08-20,Central,Breaking system,4,11.31,45.25,[0-10],Cheap,1,0,0,1,0,(0-99]
2021-08-20,North,Frame & body,6,43.69,262.13,[0-10],Medium cost,0,1,0,1,0,(99-499]
2021-08-20,Central,Frame & body,32,48.07,1538.29,[31-inf],Expensive,0,0,1,0,1,(1499-inf]
2021-08-20,North,Breaking system,5,17.76,88.8,[0-10],Cheap,0,1,0,1,0,(0-99]
2021-08-20,North,Suspension & traction,8,33.76,270.12,[0-10],Medium cost,1,0,0,1,0,(99-499]
2021-08-20,North,Suspension & traction,1,28.05,28.05,[0-10],Cheap,0,1,0,1,0,(0-99]
2021-08-20,North,Electrical system,1,32.52,32.52,[0-10],Medium cost,0,1,0,1,0,(0-99]
2021-08-20,Central,Frame & body,6,39.5,237.02,[0-10],Medium cost,0,1,0,1,0,(99-499]
2021-08-20,North,Suspension & traction,8,33.49,267.91,[0-10],Medium cost,0,1,0,1,0,(99-499]
2021-08-20,North,Frame & body,5,47.65,238.26,[0-10],Medium cost,0,1,0,1,0,(99-499]
2021-08-21,North,Breaking system,3,17.12,51.38,[0-10],Cheap,0,1,0,1,0,(0-99]
2021-08-21,West,Suspension & traction,7,38.53,269.73,[0-10],Medium cost,0,1,0,1,0,(99-499]
2021-08-21,Central,Breaking system,4,23.59,94.36,[0-10],Cheap,0,1,0,1,0,(0-99]
2021-08-21,North,Suspension & traction,1,29.22,29.22,[0-10],Medium cost,1,0,0,1,0,(0-99]
2021-08-21,North,Electrical system,10,28.91,289.12,[0-10],Medium cost,0,1,0,1,0,(99-499]
2021-08-21,West,Breaking system,7,19.57,136.96,[0-10],Cheap,1,0,0,1,0,(99-499]
2021-08-21,North,Breaking system,4,14.52,58.1,[0-10],Cheap,0,1,0,1,0,(0-99]
2021-08-21,North,Miscellaneous,6,25.65,153.88,[0-10],Cheap,0,1,0,1,0,(99-499]
2021-08-21,Central,Engine,8,59.15,473.23,[0-10],Expensive,1,0,0,1,0,(99-499]
2021-08-21,North,Frame & body,40,35.92,1436.67,[31-inf],Medium cost,0,0,1,0,1,(999-1499]
2021-08-21,West,Suspension & traction,7,34.27,239.88,[0-10],Medium cost,0,1,0,1,0,(99-499]
2021-08-22,Central,Frame & body,20,35.78,715.67,[11-20],Medium cost,0,0,1,0,1,(499-999]
2021-08-22,North,Suspension & traction,4,35.99,143.96,[0-10],Medium cost,0,1,0,1,0,(99-499]
2021-08-22,Central,Breaking system,6,18.12,108.75,[0-10],Cheap,0,1,0,1,0,(99-499]
2021-08-22,Central,Electrical system,10,27.49,274.92,[0-10],Cheap,0,1,0,1,0,(99-499]
2021-08-22,Central,Frame & body,5,37.46,187.31,[0-10],Medium cost,0,1,0,1,0,(99-499]
2021-08-22,Central,Breaking system,9,14.0,125.97,[0-10],Cheap,1,0,0,1,0,(99-499]
2021-08-22,Central,Suspension & traction,6,41.65,249.92,[0-10],Medium cost,1,0,0,1,0,(99-499]
2021-08-22,North,Suspension & traction,2,36.72,73.44,[0-10],Medium cost,0,1,0,1,0,(0-99]
2021-08-22,Central,Suspension & traction,16,38.06,609.01,[11-20],Medium cost,0,0,1,0,1,(499-999]
2021-08-22,Central,Electrical system,5,30.48,152.4,[0-10],Medium cost,0,1,0,1,0,(99-499]
2021-08-22,West,Suspension & traction,1,37.48,37.48,[0-10],Medium cost,0,1,0,1,0,(0-99]
2021-08-23,West,Electrical system,7,30.9,216.29,[0-10],Medium cost,0,1,0,1,0,(99-499]
2021-08-23,Central,Frame & body,2,48.88,97.77,[0-10],Expensive,0,1,0,1,0,(0-99]
2021-08-23,North,Electrical system,7,19.89,139.21,[0-10],Cheap,0,1,0,1,0,(99-499]
2021-08-23,Central,Breaking system,5,21.09,105.43,[0-10],Cheap,0,1,0,1,0,(99-499]
2021-08-23,North,Electrical system,3,19.3,57.9,[0-10],Cheap,0,1,0,1,0,(0-99]
2021-08-23,North,Electrical system,16,22.73,363.63,[11-20],Cheap,0,0,1,0,1,(99-499]
2021-08-23,Central,Electrical system,4,25.48,101.93,[0-10],Cheap,0,1,0,1,0,(99-499]
2021-08-23,North,Breaking system,4,17.57,70.26,[0-10],Cheap,1,0,0,1,0,(0-99]
2021-08-23,West,Miscellaneous,6,19.9,119.43,[0-10],Cheap,0,1,0,1,0,(99-499]
2021-08-24,West,Suspension & traction,2,39.04,78.08,[0-10],Medium cost,1,0,0,1,0,(0-99]
2021-08-24,Central,Frame & body,4,39.85,159.41,[0-10],Medium cost,0,0,1,0,1,(99-499]
2021-08-24,Central,Electrical system,2,23.95,47.9,[0-10],Cheap,1,0,0,1,0,(0-99]
2021-08-24,North,Electrical system,20,21.29,425.77,[11-20],Cheap,0,0,1,0,1,(99-499]
2021-08-24,Central,Suspension & traction,36,27.05,973.74,[31-inf],Cheap,0,0,1,0,1,(499-999]
2021-08-24,North,Electrical system,20,18.45,368.97,[11-20],Cheap,0,0,1,0,1,(99-499]
2021-08-24,West,Miscellaneous,9,16.05,144.46,[0-10],Cheap,0,1,0,1,0,(99-499]
2021-08-24,North,Breaking system,12,15.21,182.56,[11-20],Cheap,0,0,1,0,1,(99-499]
2021-08-24,West,Breaking system,1,16.45,16.45,[0-10],Cheap,0,1,0,1,0,(0-99]
2021-08-24,North,Suspension & traction,28,37.03,1036.93,[21-30],Medium cost,0,0,1,0,1,(999-1499]
2021-08-24,North,Electrical system,4,27.38,109.51,[0-10],Cheap,0,1,0,1,0,(99-499]
2021-08-24,North,Breaking system,1,17.06,17.06,[0-10],Cheap,0,1,0,1,0,(0-99]
2021-08-24,Central,Electrical system,3,24.28,72.86,[0-10],Cheap,1,0,0,1,0,(0-99]
2021-08-25,North,Breaking system,3,17.06,51.17,[0-10],Cheap,0,1,0,1,0,(0-99]
2021-08-25,Central,Frame & body,6,48.9,293.39,[0-10],Expensive,0,1,0,1,0,(99-499]
2021-08-25,Central,Miscellaneous,3,18.72,56.16,[0-10],Cheap,0,1,0,1,0,(0-99]
2021-08-25,Central,Electrical system,8,25.95,207.56,[0-10],Cheap,0,0,1,0,1,(99-499]
2021-08-25,North,Suspension & traction,8,32.39,259.12,[0-10],Medium cost,0,0,1,0,1,(99-499]
2021-08-25,North,Miscellaneous,28,21.56,603.77,[21-30],Cheap,0,0,1,0,1,(499-999]
2021-08-25,North,Breaking system,2,21.59,43.18,[0-10],Cheap,0,1,0,1,0,(0-99]
2021-08-25,Central,Breaking system,12,13.19,158.3,[11-20],Cheap,0,0,1,0,1,(99-499]
2021-08-25,West,Breaking system,9,24.97,224.73,[0-10],Cheap,0,1,0,1,0,(99-499]
2021-08-25,North,Engine,8,55.41,443.28,[0-10],Expensive,1,0,0,1,0,(99-499]
2021-08-26,North,Miscellaneous,6,23.04,138.26,[0-10],Cheap,1,0,0,1,0,(99-499]
2021-08-26,North,Breaking system,7,20.24,141.7,[0-10],Cheap,1,0,0,1,0,(99-499]
2021-08-26,North,Suspension & traction,7,29.34,205.36,[0-10],Medium cost,0,1,0,1,0,(99-499]
2021-08-26,Central,Breaking system,3,13.4,40.18,[0-10],Cheap,0,1,0,1,0,(0-99]
2021-08-26,North,Miscellaneous,3,25.28,75.84,[0-10],Cheap,1,0,0,1,0,(0-99]
2021-08-26,North,Breaking system,20,16.89,337.8,[11-20],Cheap,0,0,1,0,1,(99-499]
2021-08-26,Central,Electrical system,3,24.61,73.82,[0-10],Cheap,0,1,0,1,0,(0-99]
2021-08-26,North,Electrical system,7,18.35,128.43,[0-10],Cheap,0,1,0,1,0,(99-499]
2021-08-26,Central,Miscellaneous,3,19.77,59.3,[0-10],Cheap,0,1,0,1,0,(0-99]
2021-08-26,West,Breaking system,4,16.63,66.53,[0-10],Cheap,1,0,0,1,0,(0-99]
2021-08-27,Central,Engine,20,60.22,1204.3,[11-20],Expensive,0,0,1,0,1,(999-1499]
2021-08-27,Central,Electrical system,7,28.63,200.4,[0-10],Cheap,1,0,0,1,0,(99-499]
2021-08-27,North,Suspension & traction,12,37.07,444.84,[11-20],Medium cost,0,0,1,0,1,(99-499]
2021-08-27,Central,Electrical system,10,30.39,303.9,[0-10],Medium cost,1,0,0,1,0,(99-499]
2021-08-27,North,Electrical system,10,28.56,285.63,[0-10],Cheap,0,1,0,1,0,(99-499]
2021-08-27,West,Electrical system,4,21.47,85.89,[0-10],Cheap,0,1,0,1,0,(0-99]
2021-08-27,Central,Engine,5,59.14,295.72,[0-10],Expensive,0,1,0,1,0,(99-499]
2021-08-27,Central,Engine,10,64.64,646.45,[0-10],Expensive,0,1,0,1,0,(499-999]
2021-08-28,North,Frame & body,7,40.04,280.27,[0-10],Medium cost,0,1,0,1,0,(99-499]
2021-08-28,West,Miscellaneous,32,25.42,813.44,[31-inf],Cheap,0,0,1,0,1,(499-999]
2021-08-28,Central,Miscellaneous,8,28.9,231.2,[0-10],Medium cost,0,0,1,0,1,(99-499]
2021-08-28,Central,Electrical system,32,28.76,920.37,[31-inf],Cheap,0,0,1,0,1,(499-999]
2021-08-28,West,Electrical system,6,28.37,170.21,[0-10],Cheap,0,1,0,1,0,(99-499]
2021-08-28,North,Suspension & traction,6,30.74,184.42,[0-10],Medium cost,0,1,0,1,0,(99-499]
2021-08-28,Central,Electrical system,9,32.87,295.83,[0-10],Medium cost,0,1,0,1,0,(99-499]
2021-08-28,West,Breaking system,32,10.03,320.96,[31-inf],Cheap,0,0,1,0,1,(99-499]
2021-08-28,West,Electrical system,12,32.8,393.64,[11-20],Medium cost,0,0,1,0,1,(99-499]
2021-08-28,North,Frame & body,5,48.25,241.23,[0-10],Expensive,1,0,0,1,0,(99-499]
2021-08-28,North,Electrical system,20,27.41,548.13,[11-20],Cheap,0,0,1,0,1,(499-999]
